EmployeeID,FirstName,LastName,
3T-D3ACD34DF2D9E777,Kelsey,Shannon,
3T-D69BDD3FF18420CA,Isla,Rowland,
3T-C0B4BB90931B9256,Corey,Joyce,
3T-EE265DFDC3347D9C,Rylie,Mccarthy,
3T-FC80C3D1BC1CEC74,Gunnar,Harrison,
3T-184C6D860C3AF320,Adriel,Yates,
3T-D72D36092823A07A,Bryan,Vincent,
3T-999240EF51819905,Mason,Stokes,
3T-C75997A51CF8A9A1,Maliyah,Whitney,
3T-D3CA5825D897170C,Angela,Keller,
AS-199D5FA93E7316F4,Ariel,Rogers,
AS-B580D5C699F9BD03,Malia,George,
AS-D3118FB8EC32577E,Owen,Armstrong,
AS-D3FACCDC94F9B982,Juliette,Wyatt,
AS-442C9DD210312C9C,Emery,Humphrey,
AS-F09DE8F364603E5A,Journee,Branch,
A-13F7FA7B3CDEF0E3,Mia,Huber,
A-32C2F64716437055,Kaiden,Padilla,
A-DEEF7A7AC1C00187,Amari,Bowen,
A-0AB6D28F69DD4A2F,Harrison,Potts,
A-04C380A723365DFD,Maeve,Ochoa,
A-1AA4BA61C1FE0BAF,Mateo,Brennan,
A-A271312436ADC660,Arielle,Guzman,
A-F4A0D6FB89882196,Alejandro,Castro,
A-2F109646B6347495,Trenton,Ibarra,
A-B6DFBE1647D5D4AB,Katelyn,Turner,
ASL-3B0A4CC863E1DA54,Paxton,Dunlap,
ASL-82225920645DD8E0,Hayden,Atkins,
ASL-E682A77EBF763B99,Albert,Mccann,
ASL-9CDAE09DDEA04610,Moises,Cline,
ASL-78058FE000DB53E8,Mark,Mcintosh,
ASL-64F9E3E6C5DFA698,Eden,Hartman,
AB&R-23B17026C20E0FDA,Talia,Howell,
AB&R-4445C8104CC62140,Jamison,Brady,
AB&R-1B68333703090829,Jason,Bond,
AB&R-6FC5C8C38DFDA95A,River,Tran,
A-AC403D8E7B85F352,Iris,Bridges,
A-DA36A96D998E81F8,Erin,Barrett,
A-EF057AACEF31E64F,Tanner,Rollins,
A-3DCC0AC59A6A30B5,Jase,Rosario,
A-24A5139A1FAA158B,Ariyah,Bruce,
A-B64D25E039042EB2,Kennedy,Lucero,
BR-9D00C23D5760EA96,Kendra,Mahoney,
BR-787BFA67252BCFBA,Aniyah,Kennedy,
BR-E3601DA10B44D220,Raymond,Guerrero,
BR-38573195EDA80B88,Miracle,Valencia,
BR-EF5080357C205573,Amaya,Madden,
BR-EBDF2BFFF3A451A4,Braylen,Hill,
B-13B9333EFFEC55C4,Jayleen,Caldwell,
B-BEF1A02E3C234788,Amari,Franco,
B-0A20967FCCD8F058,Shane,Bell,
B-205484881A00E4BC,Dakota,Arnold,
B-289A43B97450BF01,Frank,Hale,
B-AAADB23EF221B246,Roman,Deleon,
BA-518362E653ADFD43,Kaia,Butler,
BA-64460C496F386896,Mikayla,Black,
BA-0CDB30A20E2DA1BF,Aiden,Sherman,
BA-7C67867C1473F10B,Ashley,Meza,
BA-42F40DEB4DE24774,Reagan,Rogers,
BA-1C76A09E3F49E3BC,Margot,Stevenson,
BC-FDC4D2FB27B4A713,Hudson,Guerra,
BC-BE2EBB29FB6B4516,Shawn,Fields,
BC-F540D1ED9080E732,Alayna,Lutz,
BC-672A1367A61E3D5E,Frank,Stanley,
BC-BECD501429DB4C31,Jordyn,Friedman,
BC-10011BD9F2F61399,Ella,Robertson,
BG-C84B7D323A661EEB,Julian,Tapia,
BG-CCCFCB196842134E,Samantha,Carroll,
BG-22458D314B3661C7,Everleigh,Ibarra,
BG-9E8E7F2A77897602,Pedro,Meyer,
BG-2E8443F31DF374C2,Hudson,Maxwell,
BG-7AD74495A59BCA67,Kennedy,Valdez,
BB-6B0DCE17BBF26E6B,Otto,Short,
BB-5A92B259F640431A,Paris,Meadows,
BB-B044683B108F0B7D,Amina,Maldonado,
BB-2907FCEB64BF0F13,Haley,Knox,
BB-3594C2638FD8E82A,Luca,Guzman,
BB-693954DA3D6BFED8,Carlos,Underwood,
BB-E053FF25539EB251,Oliver,Black,
BB-D9CB7DE359809426,Jayla,Garrett,
BB-D25B9C9C5F7B29B9,Seth,Rowland,
BB-0498C23598B16E1E,Peyton,Gomez,
BTB-7DF5D7977F77DF99,Zander,Moyer,
BTB-650615DC1639117C,Ivan,Duffy,
BTB-DD09791349BCE5D6,Adalynn,Chung,
BTB-E9510BA16360C8ED,Noel,Fitzgerald,
BTB-50073AEC9FAAF2BA,Pedro,Torres,
BTB-7EBB3E1A7CC63938,Sullivan,Delacruz,
BB-0E91107743677939,Aubree,Hoover,
BB-3D09C33D732C52A2,Felicity,Cantrell,
BB-D830E002154A43FE,Serenity,Roberts,
BB-D2E4B4A82698439C,Remington,Mcbride,
BB-BD2C8BFC771BC862,Weston,Joyce,
BB-13D45418ED6A6215,Ariel,Villarreal,
BS-18DA45167A457E5D,Drake,Crane,
BS-B6F0B93362B43AE8,Moises,Madden,
BS-CFF398431DD5440D,Tucker,Brady,
BS-4C5F9C499BAA77FF,Sienna,Stevenson,
BS-ECBADF9BC9B1645D,Kayleigh,Mercado,
BS-616EE48149F378E1,Daniel,Chung,
BHS-5ACA84519AF97F0B,Leighton,Gaines,
BHS-66CB42ED72000802,Cyrus,Howe,
BHS-5A4BE12517F5C0C9,Augustus,Pennington,
BHS-462478B82A2BE395,Abram,Daniel,
BHS-CE6CC1AE2B5938E6,Brielle,Arellano,
BHS-C5A6925B0E350242,Paxton,Crane,
BHS-55A5ABE7A95D0F49,Daleyza,Daniel,
BHS-DB06A62739362D61,Anna,Rubio,
BHS-1F7D5069ADBABB6D,Vivian,Vincent,
BHS-F5A60DDF000F3C8B,Max,Neal,
B-6848DC8595D31860,Sloane,Werner,
B-D5B31D9E7CA3FCDD,Arya,Avila,
B-22521C91A4CB7FD8,Evangeline,Blevins,
B-CB21579738F6F952,Juliette,Dyer,
B-55297D12AF8C2887,Diego,Mckinney,
B-50FD0EC5266E6EE7,Jayden,Whitney,
BF-BE25CA7B3D722D05,Brooklynn,Butler,
BF-CB31B93F4B607B1B,Lilith,Beck,
BF-0BD530D23F8D6C24,Russell,Mack,
BF-63439E20CE52B823,Marlee,Knapp,
BF-CFD23A518D271C14,Nayeli,Castillo,
BF-7A1C61E5DD38C12A,Maci,Greene,
BA-97BF83C640327D7A,Amari,Carr,
BA-B4BA6E11527B2F06,Luka,Mahoney,
BA-5B59450CD993A01A,Delaney,Fischer,
BA-D599CE405DFBFF49,Rowan,Miller,
BA-C8850FB241817039,Rylee,Mahoney,
BA-8EF0BE412ED9198E,Princeton,Warren,
BT-00C2FFC81C7B46DB,Brooke,Schwartz,
BT-7CF4A06414A81A2D,Joanna,Swanson,
BT-13DD44F9E9623B2A,Avianna,Harrison,
BT-A7A4DD4AE78F2318,Nolan,Cooke,
BT-1C3AD2925DBACA1B,Magnolia,Jackson,
BT-061AEA7D315B71B9,Atticus,Mcneil,
BA-D6E7F56FC8A108A2,Elizabeth,Parks,
BA-558B32CDE8914468,Nyla,Shaw,
BA-3A7CCA77129F159A,Valentina,Santos,
BA-3303175D035243F1,Aurora,Kemp,
BA-674DCA6B54188A4E,Malia,Harding,
BA-070379B79ED5B347,Paislee,Santiago,
BS-CD32B5CF077B5746,Destiny,Obrien,
BS-767127933AE6055F,James,Johnson,
BS-F06012075BDD5663,Gracelynn,Zamora,
BS-D86AE50290F76060,Greyson,Mercado,
BS-FC734F055F75EF84,Moises,Kemp,
BS-B510A6959333160A,Brianna,Santana,
BS-9BF882F551AC47C6,Kaleb,Montgomery,
BS-4D1296303C9B97EB,Aspen,Wiley,
BS-2B5A5BF07AF6377C,Alexa,Potts,
BS-75412DD5A765C3C9,Alejandro,Daniels,
C-4AEDAFD3F382A5AE,Benson,Crawford,
C-32093D71E8239716,Jada,Farley,
C-67C8DCB4DA9FBEBA,Beckett,Abbott,
C-16C2D63C04686EC8,Joel,Luna,
C-5AA9DDC710F42F97,Gracie,Osborne,
C-C6BACA1F0E2713B2,Angela,Bruce,
C-8CD3766919AF5599,Adonis,Gilmore,
C-30F067A383AE1291,Kaylee,Carr,
C-91A802AF6FAC1FA2,Dexter,Evans,
C-79A582CE93F95A90,Trenton,Gordon,
C-F2E52FE9F7F72D8F,Peyton,Moore,
C-767FC755234E438A,Walter,Coleman,
C-419126B57274E9A3,Wren,Avery,
C-E16BDB71DDA39773,Jayleen,Norton,
C-AA182215B02DC593,Hayden,Le,
C-1BBA09ACBF13E789,Rosalie,Chambers,
C-116E8B9F80611ABB,Samara,Solomon,
C-A68E47610813756A,Evie,Foley,
C-E79B8105A70376D0,Jasper,Barber,
C-49343CA844C7BEE5,Karson,Leblanc,
C-66F7B010FACA2750,Nyla,Frazier,
C-CB3C7A47367467C7,Sofia,Callahan,
CWAS-C63F6579CE2C1B84,Keira,Cherry,
CWAS-CEA2C77F8D9E3703,Hazel,Blackburn,
CWAS-DA89E18E616D1F55,Logan,Oneal,
CWAS-6377A454B0B0ABBD,Oliver,Petty,
CWAS-6BFAD65996CE4A81,Caleb,Dougherty,
CWAS-A9417675519E8792,Makayla,Krause,
CC-68A32D24BB19CD97,Blake,Arias,
CC-43C72AE5E9BDD723,Teagan,Ayala,
CC-F789FB515020A4F3,Alice,Orr,
CC-BFD4CD2218B57DD1,Frances,Bowman,
C1-E1A4F469735AB42A,Shane,Gentry,
C1-135C20510216D5DC,Wade,Lamb,
C1-029A5DBD884CD4A8,Vivian,Glenn,
C1-514051D6B825B5CC,Quinn,Vaughan,
C1-F9A80CD06C3847C4,Skylar,Santos,
C1-E9CB65113DC52448,Axel,Frey,
CNM-A86BE987D6719BE2,River,Perkins,
CNM-0BB469D7BE6E0C03,Richard,Summers,
CNM-7741CA2AAC06FD54,Walker,Rojas,
CNM-CB529993DF7CCB59,Adelyn,Scott,
CNM-14FF11BE07898A2B,Iris,Cervantes,
CNM-CC8B12E9F60326D3,Cameron,Bautista,
CC-2E42F18A6FB21898,Alina,Chan,
CC-59925B4D5D6FD5D6,Amaya,Gross,
CC-DB70A96419DA9CF5,Finley,Wilson,
CC-32172A4DD38A0C02,Kylee,Russo,
CC-9059FFFE3B216C66,Haley,Hanna,
CC-A684F0B670B72BD8,Daniella,Michael,
CWCL-2877157B59F21340,Alexandra,Lawrence,
CWCL-4BFB6A8B1AC39B37,Annie,Costa,
CWCL-08BCF4C552302FD4,Millie,Wheeler,
CWCL-8BC44370074090B3,Kira,Hogan,
CWCL-6B9BCC6BCA13C109,Eliza,Atkins,
CWCL-3A34DEBFB0F29BB9,Kennedi,Osborne,
CWCL-69FE57024699B0BA,James,Decker,
CWCL-C7501518FC4AEA60,Tessa,Mccarty,
CWCL-FC80545C056D1875,Augustus,Miller,
CWCL-3AF58AD57055292A,Ari,Collier,
D-69C22F9C520B2148,Riley,Matthews,
D-D629EAAA9C3DD792,Mason,Richmond,
D-8D74A9BF8B443248,Emmalyn,Hudson,
D-1E2D74003D350FD2,Freya,Blevins,
DTO-DCEA116EBEF90466,Lillian,Pacheco,
DTO-8297377A944DB803,Oliver,Lambert,
DTO-4851EFF212FBA729,Sophia,Rangel,
DTO-183211255DA9F656,Sterling,Friedman,
DTO-8B3513FBBB30951D,Finley,Sheppard,
DTO-5C74909CED23231C,Jocelyn,Rodgers,
D+C-5729E0289FFFFF47,Adelynn,Burke,
D+C-BDD6E915304EC1D2,Ezequiel,Fritz,
D+C-333A5F312B146DF2,Jake,Holder,
D+C-02C8503AFA96EAC4,Harvey,Garcia,
D+C-A8DB058919FC3A4D,Elena,Schmitt,
D+C-6C09D1361C2E9352,Aviana,Fitzpatrick,
DR-F5BC5A4200AE9A67,Ashlyn,Bonilla,
DR-E69F16D9A5EDC2E8,Violet,Castillo,
DR-E4DB8519B993FFEA,Cade,Perry,
DR-C45C36EA152C5EB7,Sebastian,Faulkner,
DR-BCD88B99DF0C60D5,Leonel,Walters,
DR-932822EDB07719F7,Axel,Harding,
D-F38F46142FA1332E,Elaina,Duncan,
D-E6BE1E9ECB293B9B,Kaia,Williams,
D-4E196CE038F4B9AF,Trevor,Griffin,
D-ED25ADE08B35DB1E,Adaline,Vance,
D-48123CDA361C463B,Cohen,Mccann,
D-C36F94EF1CDF9DC0,Lennox,York,
D-3EAFF0964DB93555,Ryker,Herman,
D-53545FADA1C0AA90,Brinley,Phelps,
D-AF6B329FC1D7DBE7,Alexia,Wyatt,
D-3622D599CD89514B,Kayden,Morgan,
D-5662D73AC50B1145,Myles,Schmidt,
D-6120AFF68B4D052A,Hazel,Franco,
D-11D86A469F6AA538,Princeton,Parks,
D-0EA0911CA3F4F3CF,Arlo,Boyd,
D-207BE313DD3AB1FC,Major,Alvarez,
D-6FE956EDB8A3A18F,Valerie,Foley,
D&G-58FD159388C9675D,Hazel,Kelly,
D&G-F2FFEB73EC15C55F,Macie,Patel,
D&G-F63ECD15C31CD168,Marshall,Pace,
D&G-86D4B0973378C4F6,Damon,Nichols,
D&G-054C3C27D3FE0AA2,Elaina,Pitts,
D&G-5A4370B5FFA11DAE,Johnathan,Raymond,
DK-37FDD32F11ACDC9D,Sean,Mosley,
DK-71D7DA02565F937F,Nylah,Patterson,
DK-5D0AB89B25974341,Charlie,Pearson,
DK-5BDAC0FE0F73E10C,Daphne,Perry,
EO-78FFAB90EAE43E8E,Arabella,Bauer,
EO-8726B2872E7DEAE2,Reese,Buck,
EO-30FCDE17E5EA032D,Briana,Dominguez,
EO-A69A1FE9ED24AA78,Dakota,Li,
EO-F524478729A07D36,Zariah,Gilmore,
EO-9B59CC6847D67D7F,Paisley,Burnett,
E-1BA0FBB7A29CF84A,Arielle,Moon,
E-8227AB3B6DFA1C18,Caiden,Valentine,
E-E7F033321577B4B4,Erick,Wyatt,
E-D82B9D2FF84B5B09,Saylor,Daniel,
E-212A2BC45ECF80A0,Nevaeh,Clayton,
E-6C310D2326CDCF7C,Stephanie,Harmon,
ERB-B4DF4569EF9EE9D0,Alicia,Knight,
ERB-BB758D733BB07193,Princeton,Bradshaw,
ERB-630B1E58E9718330,Kinley,Finley,
ERB-C784B6AB4758900F,Cora,Rhodes,
ERB-A7554CEC3B83B2A9,Emanuel,Shelton,
ERB-072BDF32CFA36005,Zoey,Riley,
F7-3A9944EA9A35A89C,Francisco,Schaefer,
F7-502F22DE368E37F7,Talia,Calhoun,
F7-6E24574071458882,Hadley,Werner,
F7-E57289076B7ED90A,Francisco,Glass,
G-77FCF8F0DDC5A3DB,June,French,
G-BFE22D89EF5A2204,Sara,Browning,
G-E4F341EB0FB1A606,Carly,Freeman,
G-C8C06AEBD926FAD0,Atticus,Fitzpatrick,
G-5125CBA7BFB0F0FF,Sean,Underwood,
G-D6EC88559AF882A6,Moses,Best,
GG-7EE1F4B353B42C2A,Cameron,Werner,
GG-F07B5A405E562DFE,Melanie,Giles,
GG-8E6353F50CC6AA5A,Avery,Gillespie,
GG-71FD0A3ABB25C7FC,Mary,Gould,
GG-6E13B60DB1A6F4D3,George,Sanders,
GG-BA490262C1BB05F6,Skye,Vincent,
GG-0C5E2D97BB963461,Leslie,Wilcox,
GG-2175CB6A717FA7D2,Harmony,Hudson,
GG-B5D0F82A5FF2CE7E,Elliana,Winters,
GG-B37984B600E02C1D,Devin,Cooley,
G&D-A1FD4B65BC8FA1DC,Noah,Nash,
G&D-4CC23A7CA6537F02,Andrew,Graham,
G&D-B1840070474E4B71,Ruben,Bryant,
G&D-1B86858D16EFFE96,Holden,Compton,
GHL-25C7365C1BD9769D,Forrest,Smith,
GHL-8BECAED2BD10B6E2,Rahul,Boppana,
GHL-FFEBE159165822F0,Justin,Chan,
GHL-BC3D6FCB18DA3784,Daniel,Adelman,
GGJ&MB-1234ADC44A5FF228,Cohen,Estes,
GGJ&MB-6E0D8A1D424D8C69,Lincoln,Boyle,
GGJ&MB-8045F2E567BDB680,Lorelei,Villanueva,
GGJ&MB-2A3C61887C2469D0,Maxwell,Potts,
HS-3C608712B1292977,Tristan,Ramirez,
HS-CC8BBD9954557E79,Albert,Pham,
HS-7ADD4C2064492D9F,Miriam,Bond,
HS-7DF95A700E24F175,Aniyah,Robinson,
HS-82F9EB117D22F86B,Mariah,Bolton,
HS-8F715D1792E55208,Gwendolyn,Valentine,
HC-0A8BE8413A87C5C0,Abram,Tran,
HC-BAF728654FFDD382,Daleyza,Mcgrath,
HC-215858CBF9057AAB,Miranda,Riley,
HC-CDB5ECFD29AE218B,Quinn,Gilbert,
H&FPH-03993FA5B0A02B74,Juniper,Nelson,
H&FPH-D45AA40B6FB9A126,Elsie,Yoder,
H&FPH-CD256A8E38622893,Allison,Mills,
H&FPH-9E5C1BDE6F879E34,Katherine,Howe,
IF-9B71A4F5644E0E9E,Julia,Dalton,
IF-64EAD34D5949ACE7,Madeleine,Walker,
IF-0FF909CFA961E394,Kamryn,Esparza,
IF-0824196F48A4A4C3,Margot,Klein,
J-25FECF21EE4F13D6,Drake,Burch,
J-F5FB635EB98A1CB0,Gracelynn,Norman,
J-470B38C475B2F37A,Elliana,Anthony,
J-03955B2B15816011,Karter,Randall,
J-02FD06CC78C28F5C,Penelope,Tate,
J-15FD4FF1BC70E177,Ophelia,Brady,
J-55B97B2AAF1EA132,Malachi,Hunter,
J-FEA0E3748EF6BBE6,Andy,Barrera,
J-CC6C8461DE7B0A2B,Kenneth,Shea,
J-EA4CF4AB6D064FA8,Anderson,Ortega,
K-5B0B3DE228253F54,Journee,Golden,
K-3F60D05430B7194F,Evelyn,Shea,
K-EAE2118E9434430F,Presley,Raymond,
K-D84DCA5E6DB520CE,Kamila,Black,
K-F068ED9E284D1B4B,Axel,Miranda,
K-F128E95B8D7B7E66,Declan,Wheeler,
KCB-C708758D797B5E61,Nasir,Ray,
KCB-07B9D5A619F43058,Diana,Jensen,
KCB-A77EE8375B8AF67B,Madeleine,Payne,
KCB-A052B926CEB2112E,Antonio,Prince,
KTRL-0A29966D4D1465DA,Tessa,Wood,
KTRL-68177D87DDE1E0B6,Bodhi,Noble,
KTRL-B785013A529058C7,Fabian,Beck,
KTRL-E560E2C6E2E67631,Gunnar,Fernandez,
KTRL-A75788D3BEE5C3D7,Aylin,Kennedy,
KTRL-D8654F8B842BBF7F,Marshall,Green,
L-40345CABC1C833C6,Albert,Kraus,
L-B16C227C2E9A9AB3,Allison,Bennett,
L-F2DDE0D02E2E6CB2,Brian,Hurst,
L-0AE7E78FC4FDD99F,Albert,Kemp,
LL-DF3170BBECB43A83,Zachariah,Hooper,
LL-2F0864E6331E8A91,Adrian,Riley,
LL-7E8024627522911A,Reese,Roberts,
LL-E00C3B6BB439BF4C,Fabian,Gill,
LL-9A96DB5B3142B7E2,Pedro,Frey,
LL-78182FBA46DCEB0B,Barrett,Rangel,
LL-9F4AA5D72882C029,Faith,Snyder,
LL-F65049F08F56CADC,Edwin,Thompson,
LL-2E0F6182BBA954A8,Braylon,Michael,
LL-A76E28A6D9716FEE,Jonathan,Randall,
M-A8764712B2418FC9,Ronald,Kelly,
M-DAC6D1B11F945FCC,Hayden,Bowman,
M-3AE483944B2F97D6,Aaliyah,Flynn,
M-7B91A11E543B0389,Rhett,Rivers,
M-4D9427381489A9E0,Alijah,Gallegos,
M-8D97C71CD5BC3591,Enrique,Rosales,
MTB-40CFC529AFB80B77,Raven,Bishop,
MTB-FBC0D805631F6FBA,Jensen,Hebert,
MTB-7579055328F18D9A,Layla,Padilla,
MTB-D9986BE515438EF4,Everett,Gamble,
MTB-1BCDC77B3ECA4975,Evan,Villarreal,
MTB-485356929DB427C9,Victoria,Benjamin,
MB-1AFF3227DB3986A8,Nicole,Shea,
MB-B5E8BBAAF5BA906D,Serena,Little,
MB-DED37E119B97789B,Braylen,Meyer,
MB-66558381A2C45895,Zaiden,Wall,
MPH-B6D4C5F04D8BC941,Journey,Henson,
MPH-4FA11D61552F4E84,Aidan,Mcclain,
MPH-2EE90AD333111C52,Lincoln,French,
MPH-3B4402D32F4F625C,Julia,Simmons,
MPH-2EDF62D1C91955EF,Kendra,Osborne,
MPH-DBE4DF0DCAEC1D2B,Fiona,James,
MR-FB2803986D3DC305,Leia,Hughes,
MR-4A2700FA0E369C75,Riley,Barton,
MR-F01204FC0B7BCA83,Dax,Webb,
MR-96623C0B3A1B972F,Kash,Sosa,
MDCB-31C95CAEC3D5DF23,Jason,Lewis,
MDCB-DA5CA00316A0D5BC,Talia,Roberts,
MDCB-C48FBA7C405BBBEE,Chloe,Leon,
MDCB-DC9402AE066F4905,Kennedi,Delacruz,
MDCB-8A329DDDC76F0E42,Fabian,Fox,
MDCB-77C350A87965C826,Garrett,Sanders,
MS-D49A5688C6FDDACC,Evelyn,Nichols,
MS-7DCD0C03C9684D93,Ryan,Golden,
MS-2F85F24D145BA34B,Josue,Cox,
MS-B819F44E33F68D5E,Solomon,Short,
MS-FC41DA1C3B262AA6,Rachel,Wallace,
MS-69924F839EE95981,Katherine,Greene,
MWL-1A8463868498223E,Aria,Schmidt,
MWL-A1B6A324855CECB0,Amaya,Wang,
MWL-ABC856045DC56AE1,Derrick,Nicholson,
MWL-F9A9E01E46C41F31,Gideon,Wood,
MWL-7A32D32CB01BF8BD,Anthony,Blake,
MWL-5049BE191D97E233,Dax,Gamble,
NVATJH-E23DB98FF4ABAB57,Marcos,Jackson,
NVATJH-0F9542D3519300AA,Daisy,Watkins,
NVATJH-4B08C66B0656E931,Aden,Christian,
NVATJH-6DCF4D8A92ADD436,Dallas,Huff,
NVATJH-A8CBF4A34CFA5431,Clara,Lyons,
NVATJH-A2537654EDDB1520,Sage,Escobar,
O-46A84E450CA5A849,Eloise,Matthews,
O-D19A4F14C4C6D0EE,Hayes,Hobbs,
O-898831C5E1E2D47D,Matthias,Robles,
O-7E3695676923B3A5,Theodore,Hudson,
O-9B5320873E0F8036,Alexa,Stephens,
O-1656BE6DFF7DB5EA,Fernando,Mercer,
O-8D28F5F87579035F,Ace,Meyer,
O-95FC7A5A6EFEBA6D,Wyatt,Maynard,
O-DF934BA03360D4C4,Jeremy,Buck,
O-76BBDB89D6EF966A,Knox,Greer,
OEG-B41F375E65D8B599,Ariel,Kidd,
OEG-69D88D5B7D09C495,Braelynn,Russo,
OEG-4A26A17358E55E86,Alyssa,Henry,
OEG-96E1B6B0448CD8C1,Kate,Mckay,
P-E4F6F3874A05E208,Kali,Hinton,
P-253CBB880C655DF4,Matthias,Gilmore,
P-3805E0A4C99278DE,Emilia,Rubio,
P-84F0945F0448912B,Kylee,Miller,
P-663AD78426ADFE37,Madison,Pierce,
P-CC96E50D66BBEDF0,Kiara,Parrish,
PP-51C7C248192174DC,Kasen,Vega,
PP-A1BB553C60CD03B4,Alice,Douglas,
PP-424AEA843E820489,Caroline,Arellano,
PP-C3965D4608B3DD87,Mila,Murray,
PP-7B0CED491CF28351,Adonis,Wallace,
PP-10E2EB8B615581CA,Emily,Fry,
PS-B0594B6BE54D2A3E,Mariah,Williams,
PS-7FC529E8C2980F1A,Amiyah,Daugherty,
PS-CEC2B2AF1D4FB520,Benson,Sherman,
PS-75F3CB3B4E76A91E,Kamryn,Anthony,
P-9C1561A826CD6127,Conor,Flynn,
P-E97BD12E29DD6EAF,Annie,Berry,
P-C2B873D2C62AF52E,Molly,Chaney,
P-5DF3D9BFE158C1C7,Maximiliano,Ramirez,
P-AA1F3CF16B08E8BF,Amelia,York,
P-3313D7D5383E110C,Raelyn,Hughes,
P-B5A3CCF08D37B10F,Lilith,Christian,
P-F9DC87D50EFAF9FC,Zayne,Webb,
P-CFF40A75BFCAD07A,Messiah,Warner,
P-A475FFD18029B885,Luciana,French,
R-F0DBB3D669E2FB85,Cayden,Mckay,
R-6AC81147CD90809F,Savannah,Baird,
R-49DA5DB29CD9FF43,Brinley,Stephens,
R-804538248570FC14,August,Prince,
R-BDF4BF520B9E0A7E,Louis,Luna,
R-1B54FC914873945D,Edwin,Holmes,
R-C41BA189F282E203,Blakely,Oconnell,
R-59ECE71BD52020B4,Jennifer,Mills,
R-289E5190BC6E7B70,Miriam,Henderson,
R-4782B09EE53F06E8,Brian,Weaver,
R-502C85D597B2D0B8,Amari,Avery,
R-85DB1DF04DD4766A,Eli,Nichols,
R&R-81A343B2BAE79104,Scott,Crosby,
R&R-894720A857CFD274,Related Post,Berry,
R&R-E3B60EAA32869376,Grant,Wilcox,
R&R-DFF6C2EA63300873,Luna,Larsen,
R&R-BDB77A5106B474D8,Rowen,Shelton,
R&R-5D7BBB0FE5C54F50,Nylah,Huber,
R&R-336541FB4B9999E0,Knox,Peters,
R&R-2C4E4200B6DF49E2,Jonathan,Bailey,
R&R-9F101A8A5E225147,Zaiden,Orr,
R&R-75FAE868E30496F2,Cole,Harrington,
RKT-D33AEF4590F4184D,Gabriela,Haney,
RKT-EAC12B57DC0E2455,Walter,Juarez,
RKT-AFE82C76EB5F7365,Adelyn,Duncan,
RKT-2D78F41FFFB651D8,Yaretzi,Watson,
RKT-E84319287A7AADFE,Kayla,Deleon,
RKT-545FF4BC6D52611D,Ismael,Deleon,
R1-7015B7B363643FB1,Kinley,Nguyen,
R1-8486C32B9B2E5730,Alice,Lawrence,
R1-E124DC2745B7E07D,Rahul,Blackwell,
R1-FE571D036BA02DD5,Braxton,Mccall,
R1-3D3AD93E5EEA3099,Gregory,Maldonado,
SDS-EDC9D01CA839EBD1,Davis,Dunn,
SDS-0A329414F6E0E126,Lane,Schmitt,
SDS-6A3021B34E519B75,Elena,Nguyen,
SDS-5663854C294239B8,Nina,Mays,
SDS-3C5420FDB7F46DF2,Tessa,Mccann,
SDS-7AA0324CF93793E4,Lincoln,Wagner,
SS-CB5226648829EF61,Evan,Hogan,
SS-249623DBCC532DDD,Aurora,Perry,
SS-FD253FEFB1806B77,Desmond,Wheeler,
SS-6A92523276E0057B,Jennifer,Torres,
SS-1254024140C649ED,Lexi,Riddle,
SS-20BD3DE3744BADF1,Gavin,Lewis,
SB-A279DE3282310463,Jessica,Ponce,
SB-A6C1BC86F87DBD0E,Enrique,Peters,
SB-CDDE7EB3E7D39F59,Chelsea,Parks,
SB-CE3DC2772F7F0DFD,Melanie,Hunter,
S-F70F53FFEE1DC1C9,Kenneth,Gardner,
S-FAC2C051BF8B11E4,Tate,Huff,
S-94670870B0CA5B17,Roman,Holmes,
S-0BF174060372FC31,Julius,Yoder,
S-E782B66A048FDAFB,Abigail,Brown,
S-500B903786A1FE0A,Lorelei,Hayes,
SB-366BF736282199AC,Max,Mcgrath,
SB-4DD76ADA8A865897,Emerson,Shaw,
SB-B5EDA650BB7ECCAD,Penelope,Barber,
SB-4A243ABB33C05B14,Marshall,Schaefer,
SB-9D85F49BE1770D42,Adelaide,Roberts,
SB-994795AFDF0AE3D8,Melany,Hays,
SB-B59EF0FC7C7FAD6D,Related Post,Maldonado,
SB-D8B4D7F1D9D50607,Tucker,Santos,
SB-F5652D3FCABC8CEF,Summer,Chaney,
SB-E9282501DA36791D,Jameson,Yates,
SS-FAC75C91725D8A6A,Vanessa,Green,
SS-C0107261F4584301,Natalia,Cain,
SS-4441E840196AF216,Julia,Harvey,
SS-F87454B98E9E5A7A,Amira,Perry,
S-F4817A3D3B9F1281,Gideon,Mcconnell,
S-99954B4F2C1E863C,Tobias,Fox,
S-8DDDDEA566EBF664,Jessica,Quinn,
S-66D6DDA689ACA502,Harper,Barton,
S-0498D584DF719C9D,Caroline,Ryan,
S-35B13451FED74AC3,Margaret,Guzman,
SM-707EAF8CF120B389,Rowan,Dennis,
SM-D69687B603684124,Barrett,Guerra,
SM-66B940E124013B89,Xavier,Soto,
SM-7AF20A4319B929C8,Malia,Tapia,
SM-F71AA8ED38045843,Ashley,Rivera,
SM-0F7B22CF4619BF75,Andre,Beck,
S-C8D59493D6AB356C,Malachi,Beck,
SL-A5F4FDE526009618,Sylvia,Pace,
SL-E3D079BBB57027B8,Jackson,Benson,
SL-9288A2137CEE3469,Sadie,Greer,
SL-43302D69D4CE0BD1,Makayla,Salazar,
SL-F031DA7986B15477,Maci,Moreno,
SL-FADB10424EF55A3E,Dean,Noble,
TBN-BD50B130D1CF3899,Liam,Lawson,
TBN-896F6AA4CBF9CF3E,Elle,Camacho,
TBN-CE34261D368FD881,Emersyn,Gomez,
TBN-F876474C39C97479,Camille,Moon,
TBN-F268A14FE6405DC3,Olivia,Norris,
TBN-6BCD34FDA7952C10,Knox,Griffin,
TA-838759EA35B77085,Emiliano,Pittman,
TA-A0BD89DC62984AD9,Maggie,Melton,
TA-811C419CFC333A9A,Holly,Gentry,
TB-073B2F9FF40A907E,Messiah,Conley,
TB-D98C698FD7235CE7,Kevin,Roy,
TB-5A92DD1DA64FC11C,Kyle,Cross,
TB-66A9E4662F2B5720,Aidan,Walter,
TBRATBH-BDCDFC5651BD08D4,Warren,Bond,
TBRATBH-60CB2DE44291CB18,Celeste,Meyer,
TBRATBH-D7C28A96F4E59A2E,Elliana,Curry,
TBRATBH-DBA87A729A05F2BA,Carmen,Mcgee,
TBRATBH-68A45AD4C20E60B0,Anastasia,Mcguire,
TBRATBH-1252D26BF850AAB0,Camilla,Richmond,
TBU-8EBB0EC78336A0E0,Lila,Orr,
TBU-202F2EB387C329A1,Journey,Hoover,
TBU-F34193C52721E272,Bryce,Simmons,
TBU-57692A6FE8CE832D,Martin,Obrien,
TBU-AE1EDEF090BD17D4,Luca,Bennett,
TBU-2B8307D09FC07C2E,Stella,Melton,
TBC-286C136F55FA5E43,Jordan,Hampton,
TBC-A505F6AE4EA62CE3,Saylor,Merritt,
TBC-4F62B183B67AB378,Alexandra,Greer,
TBC-366825D3AA650C51,Nylah,Riddle,
TBC-A2B79092EF653CC3,Juniper,Hunter,
TBC-9BB8C429CB9D26F8,Charleigh,Maldonado,
TCB&G-88A523DD2CC83452,Amanda,Wade,
TCB&G-BD58FDA4D8BD4348,Related Post,Robbins,
TCB&G-73A9C2374B237D73,Derrick,Griffin,
TCB&G-ACF2848F1491CE75,Saylor,Cobb,
TCB&G-F7837CC5785C74D6,Bodhi,Richards,
TCB&G-A4826C33A976402E,Thiago,Alvarez,
TDR-67EEEF23CC2DFC14,Zaiden,Schmitt,
TDR-3A35824182CF3ED2,Melanie,Ramirez,
TDR-ED7B4180CA630149,Maci,Daniel,
TD-4890C6D24853EB9B,Raven,Patton,
TD-464533B43B4457DE,Bailey,Gillespie,
TD-3B47A2AC63AFAB40,Sawyer,Myers,
TGITR-B45CB080643E4903,Mariana,Fields,
TGITR-4AC0E64B84FB7567,Silas,Melendez,
TGITR-B62F2B7E1F8E6509,Lila,Suarez,
TGITR-830B929A39146984,Juniper,Atkins,
TGITR-FD393D99BC83EDF2,Timothy,Drake,
TGITR-FB5738E541366A87,Thomas,Hughes,
TH-3DB1A96484A8FA23,Conner,Avery,
TH-5C28F5AD157B8D4A,Esther,Munoz,
TH-1629256AC4A32BD0,Mohamed,Pacheco,
TH-8E8F56C8981E282D,Ariel,Church,
TH-928308470877BB42,Miriam,Holland,
TH-91483935F86D05CE,Javier,Valenzuela,
TKDC-E1248050C2B69783,Samuel,Mercer,
TKDC-8AAF8DE0316A0ADE,Braelynn,Sandoval,
TKDC-5B74649D4C0F21CE,Alondra,Conley,
TKDC-D3BC5FA7B30E20CC,Jesus,Acosta,
TKDC-207B866BDB64004D,Finley,Quinn,
TKDC-57163095815EB374,Christian,Washington,
TKDC-E419FA0BC770CFBF,Jason,Wilcox,
TKDC-A2D02B521A8A3BB3,Cash,Mccullough,
TKDC-C7A6B88216DEBCB7,Alijah,Blevins,
TKDC-55C232BC1FAA5673,Elle,Booth,
TMR-03A26E9C43A900D5,Adan,Maxwell,
TMR-DC8E610EFABD8447,Remi,Zimmerman,
TMR-ACBE6696440D8ADC,Joshua,Murillo,
TMR-EB1FD5EFD5FD49BC,Arabella,Harrington,
TMR-5E61A35B5197225E,Kenzie,Manning,
TMR-C62A32763E0A22ED,Joanna,Bridges,
TO-0975488DA94034E2,Andres,Lynn,
TO-858C96227A7548B2,Giovanni,Joyce,
TO-711E6D7A8EFD3A20,Fabian,Roberts,
TO-8787AEFC6EE7750F,Scarlett,Cameron,
TOSB-8B39FDCA165A9E26,Ezequiel,Faulkner,
TOSB-71B8CB7FC230DC00,Brycen,Winters,
TOSB-6A52E25DD4A14B4E,Isabella,Waller,
TOSB-CDF73146F28E3D83,Alan,Roman,
TSD-EFB4A459AD8A52C2,Serena,Russo,
TSD-30FA4A8706F124C3,Taylor,Gay,
TSD-2B79138AFCF5760A,Stephen,Bennett,
TSD-743AB7AB1D19A224,Camille,Weiss,
TSD-466320E1E4E8A4DF,Emma,Bentley,
TSD-8476327F36DC37CC,Lane,Todd,
TST-859C93DE2EE3F35F,Adrianna,Mccall,
TST-ED22346395E1064D,Thea,Landry,
TST-F4CF43654C503C17,Israel,Lee,
TST-DEFFCCE6D0217B7C,Paisley,Donaldson,
TST-5E5659450AEFB6AD,Francesca,Young,
TST-6D2AD3E4AB813D29,Chance,Webb,
TUBACG-F5C20298D157FD74,Royalty,Le,
TUBACG-9862F1183048F79E,Elaina,Lowery,
TUBACG-CDCD5A77182567E7,Celeste,Lindsey,
TUBACG-954CC86A27D12494,Anaya,Sloan,
TVTR-514604EDD6C2460E,Aurora,Gallegos,
TVTR-3D5E1C38CF2A4649,Maddison,Forbes,
TVTR-9DA26831B9BEF8BE,Fatima,Sanford,
TVTR-1C3CE512EE407A35,Luca,Castillo,
TVTR-780272614FD38C1F,Josie,Keller,
TVTR-0FDD9525E3B9A64D,Thiago,Harmon,
TVTR-2E41CBBE98E7796F,James,Meyer,
TVTR-25836FDF6D9F4651,Andy,Horne,
TVTR-DC53BCA135A0EC52,Brooke,Garcia,
TVTR-E5CB6D6749C1EFFB,Ace,Potts,
TVH-7F8EDD6FC61F92E2,Yaretzi,Wall,
TVH-86D570557387BE37,Dominick,Mann,
TVH-02DB3A5333485338,Timothy,Golden,
TVH-9563A3FA2DBFED14,Alicia,Stark,
TVH-3B7B25E6ADEE5243,Rhett,Downs,
TVH-E47585D293EF02A1,Jack,Poole,
TW-3FA47D992CE50F01,Maximiliano,Conner,
TW-EC13D84CBD30F198,Nicholas,Dean,
TWP-53BEABFA3DF0E9DE,Hank,Abbott,
TWP-640A5F317253392C,Jaiden,Guzman,
TWP-7A7510DCEA8DF6C0,Reagan,Taylor,
TWP-D7938C25C91CBE60,Jayleen,Villanueva,
VB-927CEB73470C4449,Gabriel,Hughes,
VB-1E7E5C2F60F61AE0,Leilani,Harding,
VB-8DF92361DE969EA0,Ariyah,Carroll,
VB-5279FF7D6F75FD39,Mira,Le,
VB-59B79314B24E174A,James,Singleton,
VB-27C912C8ED422580,Lucia,Hayes,
