FirstName,LastName,BarName,
Related Post,Wade,Old Ebbitt Grill,
Jordan,Bass,The Whining Pig,
Adrian,Osborne,BackBar,
Zuri,Cooley,Marvel Bar,
Caleb,Mason,Seven Bamboo,
August,Gonzalez,The Old Seelbach Bar,
Raelyn,Sweeney,The Capital Bar & Grill,
August,Gonzalez,The Polo Lounge,
Giovanni,Benitez,Beach Tree Bar,
Adam,Henson,Daquiri Time Out,
Isabel,Holt,The Polo Lounge,
Zachariah,Greer,Lost Lake,
Amira,Harrington,Spilt Milk,
Grayson,Orozco,Gecko Grill,
Lennon,White,Blue Angel,
Juliette,Hobbs,George & Dragon,
Emmanuel,Shea,Dutch Kills,
Allison,Carney,Leyenda,
Gracie,Baird,The Sound Table,
Caleb,Mason,Seamstress,
Major,Blankenship,The Hawthorne,
King,Phelps,Clyde Common,
Alexandria,Delacruz,Attaboy,
Arlo,Stanley,Bar Goto,
Skye,Herrera,The Griswold Inn Tap Room,
Saylor,Ayala,Diamond Reef,
Dominick,Holder,The Hawthorne,
Cassidy,Montgomery,ROKC,
Jane,Baxter,George & Dragon,
Alison,Matthews,Vesper Bar,
Emerson,Wilkins,Red Key Tavern,
Emmanuel,Shea,Dram & Grain,
Nylah,Chung,Molly's Shebeen,
Cristian,Trevino,Attaboy,
Kendra,Mcintyre,French 75,
Otto,Watson,Slowly Shirley,
Jaxton,Anthony,Proof,
Braelynn,Romero,Raven & Rose,
Kimberly,Mora,Billy Sunday,
Isabella,Cervantes,French 75,
Myla,Huff,The Dubliner,
Presley,Madden,Daquiri Time Out,
Orion,Wiley,Il Fornaio,
Grant,Shepherd,The Capital Bar & Grill,
Cruz,Riley,Social,
Isaiah,York,Bar Crudo ,
Trinity,George,The Bella Union,
Mohamed,Wiley,Room 11,
Jimena,Kane,Hedley Club,
Elle,Patel,The Old Seelbach Bar,
Jimena,Kane,Salty Dawg Saloon,
Ricardo,Freeman,The Hawthorne,
Abigail,Browning,Goodnight Gracie Jazz & Martini Bar,
Kamryn,Fernandez,Social,
Isla,Morrow,Kask,
Daniel,Jones,Coconut Willie's Cocktail Lounge,
Major,Blankenship,The Hawthorne,
Camden,Cantrell,Holeman & Finch Public House,
Gracelyn,Dunlap,Galaxie,
Amiyah,Schwartz,Sweet Liberty,
Anna,Maxwell,Everson Royce Bar,
Simon,Wall,Leyenda,
Margot,Chaney,Kask,
Izabella,Turner,George & Dragon,
Jason,Kelly,French 75,
Diego,Hart,Marvel Bar,
Thiago,Shannon,Bar Crudo ,
Jordan,Huff,Galaxie,
Amy,Perez,Cabana,
Selah,Osborne,Bit House Saloon,
Princeton,Riley,The Silver Dollar,
Viviana,Robles,Giza Hookah Lounge,
Joy,Haley,Broken Shaker,
Gael,Holden,Dante,
Sawyer,Costa,Coconut Willie's Cocktail Lounge,
Kyler,Chapman,Raven & Rose,
Archer,Daniels,The Dead Rabbit,
Omar,Bishop,Weather Up,
Lilliana,Harrison,The B-Hive,
Braelynn,Romero,Raven & Rose,
Troy,Wilson,Slowly Shirley,
Orion,Wiley,The Magdalenae Room,
Bryson,Glenn,The Whining Pig,
Levi,Bell,The Kill Devil Club,
Javier,Chaney,Barnacle Bar,
Alejandro,Donaldson,Diamond Reef,
Aria,Sosa,The Blank Club,
Declan,Rhodes,Mai Tai Bar,
Riley,Hoffman,The Baldwin and Sons Trading Co.,
Jesse,Hess,Coconut Willie's Cocktail Lounge,
Journey,Dickson,Goodnight Gracie Jazz & Martini Bar,
Josue,Moreno,The Alembic,
Brynlee,Richardson,Molly's Shebeen,
Jason,Fernandez,The Alembic,
Braylen,Bender,The Upstairs Bar at City Grocery,
Madelynn,Best,Distil,
Cheyenne,Lee,Mai Tai Bar,
Kason,Cardenas,Range,
Alexandria,Clayton,Tiki-Ti ,
Jesse,Hess,The Bar Room at the Beekman Hotel,
Emmanuel,Navarro,Everson Royce Bar,
Noel,Hudson,The Velvet Tango Room,
Riley,Hoffman,Charlie Was A Sinner,
Declan,Rhodes,Mai Tai Bar,
Brynn,Bentley,Death + Company,
Ariah,Garcia,BlackTail,
Nolan,Reynolds,The Silver Dollar,
Gracie,Baird,King Cole Bar,
August,Gonzalez,The Polo Lounge,
Cassidy,Montgomery,The Griswold Inn Tap Room,
Kayleigh,Beard,Blue Angel,
Nico,Valencia,The Wayland,
Jessica,Tucker,The Baldwin and Sons Trading Co.,
Hank,Ashley,The Alembic,
Milo,Vang,The Silver Dollar,
Jessica,Kramer,Club No Minors,
Frederick,Houston,Dram & Grain,
Ashlyn,Forbes,Academia,
Abigail,Shaffer,The Backbeat,
Alexandria,Delacruz,The Alembic,
Orion,Wiley,Voodoo,
Itzel,Petty,Goodnight Gracie Jazz & Martini Bar,
Margaret,Mcintyre,Prairie School,
Bella,Burns,Dutch Kills,
Santiago,Acevedo,Blue Tattoo,
Carly,Weaver,Marvel Bar,
Davis,Jennings,Giza Hookah Lounge,
Shelby,Lester,Marvel Bar,
Myles,Decker,The Bella Union,
Raelyn,Sweeney,BackBar,
Braxton,Forbes,The B-Hive,
Thiago,Shannon,The Alembic,
Rowen,Ray,Milk Room,
Wren,Frey,Room 11,
Journey,Dickson,Goodnight Gracie Jazz & Martini Bar,
Oakley,Shaw,Slowly Shirley,
Nylah,Chung,The Upstairs Bar at City Grocery,
Katelyn,Wade,The Old Seelbach Bar,
Jessica,Tucker,The Blank Club,
Colton,Leonard,Death + Company,
Drew,Matthews,Tiki-Ti ,
Bella,Burns,Voodoo,
Brynlee,Dalton,Bar Goto,
Jasper,Hart,Sassafras Saloon,
Angela,Duffy,BlackTail,
Lennox,Gillespie,Weather Up,
Thiago,Kidd,Giza Hookah Lounge,
Orion,Wiley,PX,
Declan,Rhodes,Cabana,
Kane,Mckinney,Prizefighter,
Orion,Wiley,PX,
Jeremy,Chambers,Bar Crudo ,
Tate,Freeman,The Magdalenae Room,
Piper,Mcfarland,Big Bar,
Damon,Mills,George & Dragon,
Shelby,Lester,The Dead Rabbit,
Odin,Esparza,The Kill Devil Club,
Zara,Cantu,The Baldwin and Sons Trading Co.,
Noelle,Young,Bar Agricole,
Kayleigh,Beard,Donna,
Jessica,Ortiz,Old Ebbitt Grill,
Fabian,Young,The Backbeat,
Heidi,Robles,Mai Tai Bar,
Isabel,Holt,The Polo Lounge,
Orion,Dillon,Blue Angel,
Liliana,Christian,Polite Provisions,
Daniel,Jones,Coconut Willie's Cocktail Lounge,
Blake,Valencia,Blue Angel,
Amiyah,Thompson,Hedley Club,
Marco,Lindsey,Seamstress,
Colt,Blake,Old Ebbitt Grill,
Jeremy,Velasquez,Bar Goto,
Augustus,Cherry,Square Grouper Tiki Bar,
Miracle,Mckay,Sazerac Bar,
Christina,Shaw,Slowly Shirley,
Laura,Schmidt,Sazerac Bar,
Saylor,Morrow,Bar Goto,
Otto,Watson,Slowly Shirley,
Weston,Reese,Tiki-Ti ,
Harper,Turner,The B-Hive,
Haley,Nicholson,Sweet Liberty,
Teagan,Flynn,Clover Club,
Maggie,Cervantes,A.P. Stump's,
Maria,Olsen,Cannon,
Margot,Stout,Billy Sunday,
Dominick,Holder,Sweet Liberty,
Jason,Fernandez,Seven Bamboo,
Adriel,Estes,The Dubliner,
Hayden,Avila,Prizefighter,
Hudson,Cole,The Bar Room at the Beekman Hotel,
Diego,Kaufman,ROKC,
Presley,Madden,The Upstairs Bar at City Grocery,
Elliana,Powell,The Upstairs Bar at City Grocery,
Walker,Fox,The Kill Devil Club,
Zander,Stephenson,Caravan,
Jeffrey,Fritz,Galaxie,
Emmanuel,Shea,Spirit,
Gracie,Gallegos,Cannon,
Jordan,Bass,Seamstress,
Sterling,Mcconnell,Daquiri Time Out,
Isabel,Holt,Goodnight Gracie Jazz & Martini Bar,
Braylon,Baxter,Mai Tai Bar,
Ayla,Mccarthy,Anvil Bar & Refuge,
Wren,Frey,Room 11,
Kaitlyn,Gill,No Vacancy at the Juniper Hotel,
Aiden,Frye,Voodoo,
Eliana,Wallace,The B-Hive,
Mary,Shelton,Charlie Was A Sinner,
Kylie,Hunt,Slowly Shirley,
Eva,Bond,Dram & Grain,
Journey,Chaney,The Bella Union,
River,Goodwin,Range,
Trenton,Mccall,Seamstress,
Derrick,Norman,Academia,
Roberto,Bowman,Academia,
Maximus,Hebert,Red Key Tavern,
Corbin,Gross,Distil,
Callie,Blankenship,Prairie School,
Levi,Bell,Death + Company,
Alaina,Tate,George & Dragon,
Izabella,Turner,33 Taps,
Amari,Curtis,The Polo Lounge,
Hazel,Avila,Bar Goto,
Adelaide,Mckee,Million Dollar Cowboy Bar,
Dominick,Holder,Milk Room,
Grant,Black,The Sound Table,
Giovanni,Benitez,Beach Tree Bar,
Amira,Boyle,Slowly Shirley,
Chloe,Castro,Salty Dawg Saloon,
Maverick,Weiss,Big Bar,
Piper,Mcfarland,A.P. Stump's,
Hayes,Golden,Voodoo,
Remy,Wells,The Hawthorne,
Reed,Chang,Dram & Grain,
Cataleya,Carney,Club No Minors,
Madeline,Casey,Leyenda,
Scarlett,Lutz,The Capital Bar & Grill,
Heidi,Robles,Mai Tai Bar,
Skylar,Mcfarland,Half Step,
Izabella,Donaldson,Sazerac Bar,
Allyson,Powell,Club 175,
Paris,Holmes,Blackberry Farm,
Diego,Kaufman,The Griswold Inn Tap Room,
Marcos,Mcneil,Weather Up,
Katelyn,Wade,Goodnight Gracie Jazz & Martini Bar,
Jessica,Ortiz,No Vacancy at the Juniper Hotel,
Emerson,Wilkins,Beach Tree Bar,
Santiago,Acevedo,Kon Tiki Restaurant Lounge,
Marcos,Mcneil,Weather Up,
Margaret,Mcintyre,No Vacancy at the Juniper Hotel,
Skye,Herrera,No Vacancy at the Juniper Hotel,
Raven,Doyle,The Capital Bar & Grill,
Taylor,Huang,Dram & Grain,
Ellie,Rubio,Billy Sunday,
Elias,Todd,Occidental,
Adrianna,Wilkerson,Multnomah Whiskey Library,
Olive,Shea,The Carousel Bar & Lounge,
Amiyah,Thompson,Cannon,
Brandon,Buchanan,McMahon's Public House,
Gracie,Espinoza,The Hawthorne,
Savannah,Maxwell,Cannon,
Maliyah,Escobar,The Polo Lounge,
Zayne,Ford,Beach Tree Bar,
Valeria,Romero,Bar Crudo ,
Lena,Martinez,33 Taps,
Zayne,Ford,Beach Tree Bar,
Adrianna,Wilkerson,Il Fornaio,
Nash,Simmons,French 75,
Myla,Huff,Attaboy,
June,Clayton,Barnacle Bar,
Marcos,Colon,Donna,
Lilly,Sawyer,Academia,
Caleb,Mason,The Alembic,
Vivienne,Torres,Vesper Bar,
Jennifer,Nash,A.P. Stump's,
Ariel,Norton,The Old Seelbach Bar,
Madelyn,Meyers,Kask,
Gemma,Esparza,The Blank Club,
Rose,Pace,The Kill Devil Club,
King,Shea,Kon Tiki Restaurant Lounge,
Amira,Hardin,George & Dragon,
Adrianna,Frye,The Baldwin and Sons Trading Co.,
Emma,Pineda,The Baldwin and Sons Trading Co.,
Nolan,Reynolds,Britannia Arms,
Genevieve,Andrews,Everson Royce Bar,
Madeline,Casey,Weather Up,
Brody,Lowery,Spirit,
Joanna,Conley,Taste by Niche,
Theo,Weeks,Il Fornaio,
Zachariah,Michael,Occidental,
Jason,Kelly,George & Dragon,
Adam,Henson,Gecko Grill,
Fabian,Young,Range,
Skylar,Dominguez,Half Step,
Elias,Todd,Eulipia,
Rosalie,Bass,Molly's Shebeen,
Joanna,Conley,Milk Room,
Camden,Robinson,PX,
Briana,Armstrong,Dante,
Haley,Mcbride,Square Grouper Tiki Bar,
Ariyah,Peters,The Bella Union,
Allyson,Cantu,33 Taps,
Derrick,Norman,Caravan,
Nora,Townsend,Clyde Common,
Lyla,Cook,Range,
Journey,Dickson,McMahon's Public House,
Allyson,Hickman,Seven Bamboo,
Rachel,Herman,The Upstairs Bar at City Grocery,
Hunter,Mann,Seven Bamboo,
Saylor,Morrow,Bar Goto,
Paris,Holmes,Blackberry Farm,
Grant,Dyer,Dante,
Leonel,Conrad,The Griswold Inn Tap Room,
Skye,Kane,Old Ebbitt Grill,
Gracie,Baird,The Kill Devil Club,
Malik,Nguyen,Altitude Sky Lounge,
Zane,Lawrence,Big Bar,
Albert,Kraus,Club No Minors,
Noel,Hudson,The Upstairs Bar at City Grocery,
Princeton,Riley,Everson Royce Bar,
Warren,Obrien,Milk Room,
Annalise,Maxwell,Square Grouper Tiki Bar,
Kali,Acevedo,ROKC,
Adrian,Bradshaw,Cannon,
Bryson,Glenn,Attaboy,
Cooper,Hickman,Anvil Bar & Refuge,
John,David,The Violet Hour,
Freya,Patterson,Dutch Kills,
Alex,Richards,Leyenda,
Jason,Kelly,French 75,
Jesse,Hess,Coconut Willie's Cocktail Lounge,
Joy,Joseph,Julep,
Edith,Johnston,King Cole Bar,
Joy,Haley,Tiki-Ti ,
Scott,Crane,Clyde Common,
Porter,Dickson,Sassafras Saloon,
Lilly,Sawyer,Caravan,
Leonel,Conrad,Old Ebbitt Grill,
Skye,Herrera,The Capital Bar & Grill,
Related Post,Kane,Club 175,
Legend,Allison,The Old Seelbach Bar,
Juliette,Campos,Square Grouper Tiki Bar,
Maria,Olsen,Hedley Club,
Corey,Tapia,33 Taps,
Related Post,Wade,Old Ebbitt Grill,
April,Dodson,The Silver Dollar,
Marcos,Colon,A.P. Stump's,
Melanie,Gutierrez,McMahon's Public House,
Raiden,Olson,A.P. Stump's,
Emmanuel,Navarro,Britannia Arms,
Jordan,Huff,Lost Lake,
Rahul,Boppana,Club No Minors,
Grant,Black,The Kill Devil Club,
Jaxson,Singleton,Eulipia,
Veronica,Armstrong,Barnacle Bar,
Eliana,Golden,The Capital Bar & Grill,
Haley,Oconnell,Big Bar,
Andrea,Li,Seven Bamboo,
Lyla,Cook,Daquiri Time Out,
Gael,Holden,Dante,
Thiago,Shannon,Seven Bamboo,
Camilla,Patrick,Range,
Charlotte,Bonilla,Lost Lake,
Martin,Butler,Seamstress,
Devin,Lamb,The Bar Room at the Beekman Hotel,
Aaron,Parker,Giza Hookah Lounge,
Trinity,George,Kon Tiki Restaurant Lounge,
April,Dodson,The Silver Dollar,
Brinley,Fry,Coconut Willie's Cocktail Lounge,
Annabella,Mata,Blackberry Farm,
Joshua,Walter,Spilt Milk,
Sofia,Harrington,Mai Tai Bar,
Callie,Blankenship,The Office,
Adam,Pearson,BlackTail,
Jimena,Kane,Room 11,
Mohamed,Wiley,Hedley Club,
Esmeralda,Hampton,Goodnight Gracie Jazz & Martini Bar,
Jason,Kelly,33 Taps,
Parker,Glass,Club 175,
Shelby,Hampton,Occidental,
Samantha,Kidd,Giza Hookah Lounge,
Evangeline,Rogers,The Dubliner,
Camryn,Bell,McMahon's Public House,
Kathryn,Zavala,Diamond Reef,
Ariel,Bauer,Britannia Arms,
George,Quinn,The Polo Lounge,
Fabian,Young,Daquiri Time Out,
Hudson,Cooke,Club 175,
Kathryn,Zavala,Diamond Reef,
Sean,Haas,Old Ebbitt Grill,
Raven,Doyle,No Vacancy at the Juniper Hotel,
Taylor,Sampson,Milk Room,
Rowen,Ray,Taste by Niche,
Chase,Murray,Sazerac Bar,
Alyssa,Bautista,Polite Provisions,
Harley,Zimmerman,Molly's Shebeen,
Ismael,Blanchard,Sassafras Saloon,
Josephine,Knapp,PX,
Donovan,Martinez,Lost Lake,
Augustus,Cherry,Hedley Club,
Tristan,Huber,Milk Room,
Robert,Shannon,Leyenda,
Rowan,Huerta,The Bella Union,
Ophelia,Day,Employees Only,
Evie,Mckay,Blue Angel,
Knox,Reilly,Marvel Bar,
Tate,Decker,The Dubliner,
Calvin,Best,Dante,
Austin,Dickerson,Hedley Club,
August,Gonzalez,The Polo Lounge,
Leonardo,Dawson,Blue Tattoo,
Lyla,Cook,Gecko Grill,
Sydney,Ferrell,Salty Dawg Saloon,
Maia,Ortega,Cannon,
Addilyn,Downs,The Whining Pig,
Gael,Mann,Proof,
Gracie,Baird,Death + Company,
Elliana,Meyer,Prairie School,
Maggie,Cervantes,Donna,
Nathaniel,Gilbert,Diamond Reef,
Kiara,Cooke,Blackberry Farm,
Cassidy,Montgomery,ROKC,
Leonel,Bolton,Death + Company,
Joshua,Walter,The Violet Hour,
Aubrey,Rasmussen,Goodnight Gracie Jazz & Martini Bar,
Evan,Cole,Half Step,
Keegan,Hopkins,The B-Hive,
Giovanni,Benitez,Social,
Jayson,Mckay,Cannon,
Kaiden,Mosley,Seven Bamboo,
Braelyn,Vaughn,Dante,
Thomas,Lin,Daquiri Time Out,
Hayden,Kirk,Blue Tattoo,
Daniel,Crane,Dutch Kills,
Adrian,Bradshaw,Salty Dawg Saloon,
Isabelle,Maxwell,Marvel Bar,
Brynlee,Mejia,The Sound Table,
Cataleya,Carney,33 Taps,
Ismael,Jackson,Altitude Sky Lounge,
Maliyah,Escobar,The Old Seelbach Bar,
Viviana,Herrera,Academia,
Ariah,Proctor,Distil,
Nasir,Estes,Old Ebbitt Grill,
Jennifer,Nash,The Violet Hour,
Ariah,Proctor,Billy Sunday,
Mikayla,Le,Diamond Reef,
Princeton,Cooke,Kask,
Marco,Lindsey,The Alembic,
Sabrina,Andersen,Academia,
Avery,Tate,Dante,
Esmeralda,Holt,The Wayland,
Nathaniel,Gilbert,Anvil Bar & Refuge,
Leila,Garrison,Blackberry Farm,
Braxton,Walker,Bit House Saloon,
Josue,Moreno,Seamstress,
Related Post,Houston,The Magdalenae Room,
Eva,Bond,The Magdalenae Room,
Aidan,Estes,Leyenda,
Michelle,Navarro,The Backbeat,
Natalia,Bray,Bit House Saloon,
Brynlee,Richardson,Range,
Georgia,Ayala,The Upstairs Bar at City Grocery,
Porter,Dickson,The Silver Dollar,
Odin,Esparza,The Kill Devil Club,
Rowen,Bennett,The Magdalenae Room,
Joseph,Brown,Bit House Saloon,
Nia,Sullivan,The Wayland,
Gracie,Espinoza,Blackberry Farm,
Chloe,Davis,Social,
Raelyn,Sweeney,BackBar,
Matthew,Stein,Dutch Kills,
Brycen,Butler,Range,
Alexander,Novak,The Violet Hour,
Joy,Joseph,Coconut Willie's Cocktail Lounge,
Lincoln,Baird,Cabana,
Ainsley,Freeman,Distil,
Lana,Garcia,Holeman & Finch Public House,
River,Shepherd,French 75,
Tucker,Whitney,Half Step,
Arielle,Jimenez,Giza Hookah Lounge,
Amiyah,Thompson,Proof,
Hunter,Mann,The Dubliner,
Muhammad,Hess,Blue Angel,
Cadence,Ford,Square Grouper Tiki Bar,
Maddison,Conrad,Old Ebbitt Grill,
Gracie,Gallegos,Mace ,
Camryn,Bell,The Old Seelbach Bar,
Kimberly,Mora,The B-Hive,
Jett,Casey,Spirit,
Chandler,Mclean,Altitude Sky Lounge,
Kayla,Yoder,Old Ebbitt Grill,
Evie,Mckay,Donna,
Skye,Kane,BackBar,
Cassidy,Montgomery,Prairie School,
Daniel,Jones,Altitude Sky Lounge,
Eden,Leonard,The Baldwin and Sons Trading Co.,
Raven,Doyle,No Vacancy at the Juniper Hotel,
Leonel,Conrad,Old Ebbitt Grill,
Shelby,Lester,The Dead Rabbit,
Kimberly,Ayala,Half Step,
Kash,Knapp,McMahon's Public House,
Daniel,Armstrong,Academia,
Wren,Frey,Square Grouper Tiki Bar,
Hunter,Mann,Seamstress,
Georgia,Krause,Raven & Rose,
Ashlyn,Brady,Kon Tiki Restaurant Lounge,
Carly,Irwin,Slowly Shirley,
Zachariah,Michael,The Dead Rabbit,
Dalton,Shannon,Weather Up,
Cristian,Trevino,Seamstress,
Arthur,Nelson,Blue Tattoo,
Zachariah,Greer,Slowly Shirley,
Kiara,Cooke,Milk Room,
William,Sawyer,Beach Tree Bar,
Owen,Jones,Square Grouper Tiki Bar,
Amiyah,Thompson,Proof,
Eden,Bryan,The Velvet Tango Room,
Harley,Zimmerman,The Backbeat,
Lane,Gomez,Blue Angel,
King,Phelps,Clyde Common,
Moises,Bonilla,Daquiri Time Out,
King,Phelps,The Silver Dollar,
Ryan,Beck,Voodoo,
Warren,Obrien,Taste by Niche,
Valeria,Clay,Sazerac Bar,
Brooklynn,Serrano,The Backbeat,
Ariel,Bauer,Clyde Common,
Annie,Hobbs,Polite Provisions,
Brinley,Hebert,The Bella Union,
Natalia,Campos,The Hawthorne,
Eliana,Golden,Prairie School,
Brycen,Butler,The Backbeat,
Colin,Fry,Leyenda,
Michelle,Navarro,Daquiri Time Out,
Martin,Butler,Attaboy,
Genevieve,Andrews,Everson Royce Bar,
Bianca,Riley,Giza Hookah Lounge,
Robert,Kirk,The Kill Devil Club,
Hayden,Mendez,Sweet Liberty,
Margaret,Mcintyre,The Griswold Inn Tap Room,
Rachel,Herman,Molly's Shebeen,
Emmanuel,Shea,Bar Agricole,
Matthew,Stein,Il Fornaio,
Theo,Weeks,Il Fornaio,
Holden,Bentley,The Office,
Ismael,Blanchard,Britannia Arms,
Malia,Poole,Spilt Milk,
Emma,Pineda,The Blank Club,
Maddison,Wu,Julep,
Adrianna,Frye,Charlie Was A Sinner,
Lena,Conrad,The Blank Club,
Nora,Townsend,Everson Royce Bar,
Jason,Cain,Charlie Was A Sinner,
Diego,Kaufman,Prairie School,
Jeffrey,Fritz,Galaxie,
Ezequiel,Burns,The Magdalenae Room,
Michael,Oneill,Mai Tai Bar,
Emely,Herring,Raven & Rose,
Rafael,Myers,Hedley Club,
Adrian,Osborne,The Griswold Inn Tap Room,
Daniela,Mosley,Charlie Was A Sinner,
Tatum,Burns,Coconut Willie's Cocktail Lounge,
Derrick,Ferrell,Dante,
Emmanuel,Shea,Voodoo,
Rowen,Ray,The Hawthorne,
Lane,Gomez,B.D. Riley's,
Ricardo,Freeman,The Hawthorne,
Liliana,Christian,Giza Hookah Lounge,
Noel,Robertson,Hedley Club,
Jessica,Barnes,Prairie School,
Leila,Garrison,Sweet Liberty,
Colton,Leonard,The Kill Devil Club,
Paris,Holmes,Sweet Liberty,
Bennett,Hunt,Mai Tai Bar,
Tristan,Potts,The Silver Dollar,
Leonel,Bolton,Death + Company,
Drew,Matthews,Employees Only,
Princeton,Riley,Britannia Arms,
Kash,Lindsey,Caravan,
Rachel,Herman,The Velvet Tango Room,
River,Shepherd,George & Dragon,
Raven,Doyle,The Office,
Brooke,Zavala,Prizefighter,
Related Post,Houston,Spirit,
Stephen,Soto,Bar Goto,
Javier,Chaney,Death + Company,
Gabrielle,Solomon,Employees Only,
Frederick,Houston,Dram & Grain,
Margaret,Mcintyre,The Capital Bar & Grill,
Rowen,Ray,Sweet Liberty,
Kimberly,Serrano,No Vacancy at the Juniper Hotel,
Alejandro,Barker,Seamstress,
Martin,Butler,The Alembic,
David,Delgado,B.D. Riley's,
Collin,Decker,Milk Room,
Leslie,Kline,Spilt Milk,
Francisco,Pugh,Club No Minors,
Joanna,Garrett,Million Dollar Cowboy Bar,
Marley,Patton,Blue Tattoo,
Maddison,Conrad,BackBar,
Rose,Pace,King Cole Bar,
Juliette,Mcdonald,Clyde Common,
Lyla,Cook,Molly's Shebeen,
Ariyah,Peters,The Bella Union,
Blake,Pace,Salty Dawg Saloon,
Fabian,Young,The Velvet Tango Room,
Tate,Decker,The Whining Pig,
John,David,B.D. Riley's,
Kenneth,Peters,Bar Agricole,
Isla,Morrow,Vesper Bar,
Allyson,Hickman,The Whining Pig,
Ismael,Blanchard,The Silver Dollar,
Ibrahim,Robinson,Anvil Bar & Refuge,
Zoey,Riddle,Hedley Club,
Brian,Petty,BlackTail,
Margaret,Rangel,Barnacle Bar,
Porter,Rich,Prizefighter,
Viviana,Herrera,Million Dollar Cowboy Bar,
Emiliano,Castro,The Backbeat,
Wyatt,Rich,Barnacle Bar,
Malia,Poole,Spilt Milk,
Sylvia,Mitchell,The Silver Dollar,
Chloe,Davis,Red Key Tavern,
Brinley,Melendez,Proof,
Amiyah,Harmon,King Cole Bar,
Andrea,Flowers,Dante,
Leonel,Conrad,The Office,
Jared,Fisher,Diamond Reef,
Emily,Valdez,The Blank Club,
Grady,Cain,The Blank Club,
Conner,Gutierrez,Lost Lake,
Presley,Madden,Molly's Shebeen,
Adriel,Duke,Dante,
Odin,Esparza,The Sound Table,
Drew,Matthews,Employees Only,
Tate,Vang,Dante,
Kyle,Zamora,Bit House Saloon,
Martin,Butler,The Whining Pig,
Ariel,Moore,Charlie Was A Sinner,
Eva,Bond,The Magdalenae Room,
Ashlyn,Brady,The Bella Union,
Mckinley,Rangel,Proof,
Michael,Harper,Diamond Reef,
Justin,Chan,George & Dragon,
Jax,Potts,Death + Company,
Olive,Shea,Il Fornaio,
Tatum,Burns,The Bar Room at the Beekman Hotel,
Amiyah,Thompson,Hedley Club,
Kaydence,Patrick,Giza Hookah Lounge,
Haley,Nicholson,The Hawthorne,
Santiago,Acevedo,The Bella Union,
Averie,Dyer,Dutch Kills,
Georgia,Krause,King Cole Bar,
Max,Lawson,Attaboy,
Melissa,Burke,Clover Club,
Raelyn,Sweeney,Old Ebbitt Grill,
Ali,Villa,The Wayland,
Andrea,Estes,Distil,
Jett,Casey,Multnomah Whiskey Library,
River,Goodwin,The Upstairs Bar at City Grocery,
Kayla,Yoder,The Office,
Mariana,Rhodes,Social,
Francisco,Pugh,French 75,
Abigail,Browning,Goodnight Gracie Jazz & Martini Bar,
Jaylen,Pacheco,French 75,
Quinn,Greer,Cabana,
Kayleigh,Beard,The Violet Hour,
Emely,Herring,King Cole Bar,
Juliette,Mcdonald,Britannia Arms,
Eva,Reese,Academia,
Easton,Wu,Lost Lake,
Asher,Ray,The Backbeat,
Maverick,Weiss,Big Bar,
Saul,Sullivan,Club 175,
Remy,Walsh,Caravan,
Sarai,Hoffman,Seamstress,
Chandler,Harding,Half Step,
Isabella,Lin,Altitude Sky Lounge,
Victor,Ochoa,Goodnight Gracie Jazz & Martini Bar,
Leila,Garrison,Sweet Liberty,
Annabella,Mata,Sweet Liberty,
Orion,Wiley,PX,
Presley,Madden,Range,
Sterling,Murphy,Dram & Grain,
Marco,Lindsey,Bar Crudo ,
Francisco,Pugh,Club 175,
Kingston,Cantu,A.P. Stump's,
Brynlee,Richardson,The Backbeat,
Vivienne,George,King Cole Bar,
Reed,Chang,Spirit,
Amira,Boyle,Galaxie,
Leonel,Bolton,Death + Company,
Izabella,Turner,Club 175,
Helen,Gentry,Distil,
Allyson,Cantu,33 Taps,
Moses,Nash,The Blank Club,
Gracie,Espinoza,Blackberry Farm,
Sean,Saunders,Prizefighter,
Maci,Hancock,The Hawthorne,
Collin,Fisher,Beach Tree Bar,
Presley,Madden,The Velvet Tango Room,
Saylor,Morrow,Eulipia,
Gracie,Baird,The Sound Table,
Gunnar,Forbes,The Bar Room at the Beekman Hotel,
Macie,Harmon,Altitude Sky Lounge,
Jaxson,Singleton,Eulipia,
Roman,Foley,Sazerac Bar,
Vanessa,Franklin,The Baldwin and Sons Trading Co.,
Camden,Robinson,Bar Agricole,
Cataleya,Carney,Club 175,
Maverick,Weiss,Donna,
Jeremy,Chambers,The Dubliner,
Robert,Kirk,The Kill Devil Club,
Brynlee,Baxter,The Blank Club,
Emely,Herring,The Kill Devil Club,
Reed,Chang,Dram & Grain,
Alexander,Novak,The Violet Hour,
Kenneth,Peters,Dram & Grain,
Colton,Leonard,The Kill Devil Club,
Brandon,Buchanan,Goodnight Gracie Jazz & Martini Bar,
Francisco,Pugh,33 Taps,
Mario,Norton,The Backbeat,
Malia,Lewis,Vesper Bar,
Kayden,Wyatt,Diamond Reef,
Arlo,Stanley,Occidental,
Natalia,Bray,Bit House Saloon,
Natalia,Bray,Bit House Saloon,
Paxton,Walsh,The Bella Union,
Charlotte,Bonilla,Galaxie,
Dexter,Jackson,Goodnight Gracie Jazz & Martini Bar,
Raelyn,Sweeney,No Vacancy at the Juniper Hotel,
Emily,Valdez,The Baldwin and Sons Trading Co.,
Emerson,Wilkins,Red Key Tavern,
Jasper,Hart,Clyde Common,
Kylie,Hunt,Slowly Shirley,
Corbin,Shaffer,Club No Minors,
Makenzie,Harrington,The Bella Union,
Beckham,Mosley,Holeman & Finch Public House,
Isla,Barton,Proof,
Malcolm,Summers,Half Step,
Sean,Saunders,Tiki-Ti ,
Quinn,Greer,Cabana,
Nico,Valencia,Anvil Bar & Refuge,
Emerson,Kelley,Prizefighter,
Maria,Leblanc,Prizefighter,
Esmeralda,Hampton,The Polo Lounge,
April,Dodson,Clyde Common,
Giovanni,Benitez,Social,
Esmeralda,Hampton,The Polo Lounge,
Jordyn,Hays,Altitude Sky Lounge,
Scarlett,Lutz,Old Ebbitt Grill,
Itzel,Petty,The Old Seelbach Bar,
Robert,Shannon,Leyenda,
Allyson,Cantu,Club No Minors,
Daniel,Crane,Voodoo,
Jameson,Dunlap,The Silver Dollar,
Ismael,Jackson,Julep,
Eloise,Beard,The Dubliner,
Jacqueline,Monroe,Bar Goto,
Ariah,Garcia,Diamond Reef,
Emma,Huang,Vesper Bar,
Lucy,Schroeder,Mai Tai Bar,
Sylvia,Wiggins,Giza Hookah Lounge,
Alaina,Tate,George & Dragon,
Edgar,Cowan,The Backbeat,
Brandon,Buchanan,Goodnight Gracie Jazz & Martini Bar,
Josue,Moreno,Attaboy,
Ophelia,Day,Tiki-Ti ,
Austin,Dickerson,Room 11,
Trenton,Mccall,The Alembic,
Sullivan,Parrish,Holeman & Finch Public House,
Rahul,Boppana,George & Dragon,
Paisley,Carroll,Lost Lake,
Maverick,Weiss,A.P. Stump's,
Alejandro,Harris,Square Grouper Tiki Bar,
Dominick,Holder,The Hawthorne,
Sofia,Cline,Taste by Niche,
Major,Duffy,Kask,
Mason,Parsons,Il Fornaio,
Heidi,Robles,Mai Tai Bar,
Adrian,Bradshaw,Salty Dawg Saloon,
Brynlee,Baxter,The Baldwin and Sons Trading Co.,
Aiden,Frye,Spirit,
Cruz,Riley,Social,
Jude,Mckay,The Dead Rabbit,
Remy,Wells,Blackberry Farm,
Jameson,Dunlap,Sassafras Saloon,
Roberto,Bowman,Million Dollar Cowboy Bar,
Eve,Valdez,Coconut Willie's Cocktail Lounge,
Henry,Gregory,Slowly Shirley,
Jennifer,Nash,Blue Angel,
Malia,White,The Polo Lounge,
Lena,Franco,Kask,
Colt,Blake,The Griswold Inn Tap Room,
Dylan,Lowe,The Upstairs Bar at City Grocery,
Avery,Reynolds,The Old Seelbach Bar,
Jessica,Barnes,No Vacancy at the Juniper Hotel,
Christina,Norris,Million Dollar Cowboy Bar,
Nora,Townsend,Everson Royce Bar,
Chloe,Davis,Social,
Kaiden,Mosley,Seamstress,
Caleb,Mason,Seamstress,
Nasir,Estes,The Griswold Inn Tap Room,
Walker,Fox,The Kill Devil Club,
Myla,Huff,Seamstress,
Kaitlyn,Gill,Old Ebbitt Grill,
Peyton,Wheeler,Seamstress,
Lilly,Sawyer,Caravan,
Chelsea,Powell,The B-Hive,
Raven,Doyle,Prairie School,
Dakota,Burnett,Holeman & Finch Public House,
Hayes,Golden,Dutch Kills,
Kennedi,Wagner,The Whining Pig,
Wren,Frey,Cannon,
Esther,Perry,Everson Royce Bar,
Jordyn,Archer,The Magdalenae Room,
Landon,Gross,Room 11,
Hayden,Mendez,Blackberry Farm,
Porter,Dickson,Sassafras Saloon,
Hunter,Mann,Attaboy,
Nolan,Moon,The Wayland,
Princeton,Wilson,Giza Hookah Lounge,
Adrian,Osborne,ROKC,
Fabian,Young,Range,
Rory,Blackburn,The Wayland,
Kenzie,Davidson,Prizefighter,
Chandler,Mclean,Coconut Willie's Cocktail Lounge,
Peyton,Wheeler,The Whining Pig,
Aliyah,Edwards,Million Dollar Cowboy Bar,
Kathryn,Zavala,The Wayland,
Gunnar,Forbes,Julep,
Lucille,Burch,Employees Only,
Haley,Oconnell,B.D. Riley's,
Maggie,Cervantes,Big Bar,
Blake,Valencia,Spilt Milk,
Adrianna,Frye,The Blank Club,
Zoey,Parker,The Hawthorne,
Kimberly,Crawford,Leyenda,
Zachariah,Michael,Bar Goto,
Sarai,Hoffman,Bar Crudo ,
Joy,Joseph,The Bar Room at the Beekman Hotel,
Genesis,Crane,Broken Shaker,
Isabel,Holt,McMahon's Public House,
Camden,Robinson,Il Fornaio,
Malia,Poole,B.D. Riley's,
Jasper,Hart,Sassafras Saloon,
Grant,Shepherd,The Griswold Inn Tap Room,
Ismael,Blanchard,Clyde Common,
Jasper,Hart,The Silver Dollar,
Nevaeh,Solomon,Giza Hookah Lounge,
August,Gonzalez,The Old Seelbach Bar,
Macie,Harmon,The Bar Room at the Beekman Hotel,
Tate,Freeman,Voodoo,
Kaitlyn,Gill,BackBar,
Taylor,Huang,Voodoo,
Isabella,Cervantes,33 Taps,
Carly,Irwin,Slowly Shirley,
Sophia,Petty,Kask,
Corbin,Dodson,Bit House Saloon,
Ruby,Cardenas,Distil,
Hayes,Mcdonald,Academia,
Jacqueline,Monroe,Marvel Bar,
Brynlee,Dalton,Eulipia,
Eden,Bryan,Molly's Shebeen,
Ivy,Saunders,Giza Hookah Lounge,
Ezequiel,Brady,Beach Tree Bar,
Grayson,Orozco,The Upstairs Bar at City Grocery,
Michael,Oneill,Mai Tai Bar,
Kamryn,Fernandez,Social,
Maverick,Weiss,A.P. Stump's,
Avery,Reynolds,The Old Seelbach Bar,
Ezequiel,Brady,Red Key Tavern,
Dylan,Donaldson,PX,
Jameson,Dunlap,The Silver Dollar,
Sterling,Murphy,The Magdalenae Room,
Princeton,Riley,Sassafras Saloon,
Winter,Trujillo,B.D. Riley's,
Kensley,Blackburn,Billy Sunday,
Anna,Maxwell,The Silver Dollar,
Skye,Herrera,The Griswold Inn Tap Room,
Michael,Harper,Anvil Bar & Refuge,
Valentina,Davis,Eulipia,
Hudson,Cooke,Club 175,
Leland,Fields,BlackTail,
Spencer,Huerta,Proof,
Haley,Nicholson,Blackberry Farm,
Jennifer,Nash,Big Bar,
Willa,Tapia,The Dead Rabbit,
Mariana,Rhodes,Beach Tree Bar,
Makenna,Vaughan,Blue Angel,
Natalia,Campos,Blackberry Farm,
Maia,Zimmerman,Cabana,
Peyton,Whitaker,B.D. Riley's,
Scott,Crane,Everson Royce Bar,
Vanessa,Todd,Clover Club,
Blake,Pace,Hedley Club,
Jose,Bass,Million Dollar Cowboy Bar,
Mckinley,Rangel,Proof,
Leslie,Kline,Big Bar,
Joy,Haley,Tiki-Ti ,
Maverick,Weiss,Spilt Milk,
Collin,Decker,Sweet Liberty,
Rylee,Boyd,Occidental,
Bella,Burns,Dram & Grain,
Nasir,Estes,The Office,
Lucille,Burch,Tiki-Ti ,
Dalton,Williams,Polite Provisions,
Oliver,Mccall,Bit House Saloon,
Adrianna,Wilkerson,Spirit,
Valeria,Romero,Seven Bamboo,
Ezequiel,Brady,Beach Tree Bar,
Madelynn,Zimmerman,Gecko Grill,
Jeremy,Velasquez,Bar Goto,
Gael,Mann,Proof,
Camryn,Cardenas,The Kill Devil Club,
Avianna,Bruce,Room 11,
Ana,Rich,The Hawthorne,
Brandon,Buchanan,The Old Seelbach Bar,
Gael,Holden,Clover Club,
Izabella,Donaldson,Sazerac Bar,
Ashley,Leonard,Vesper Bar,
Mason,Parsons,Bar Agricole,
Braylen,Sloan,The Backbeat,
Bella,Burns,Voodoo,
Madelynn,Zimmerman,Gecko Grill,
Brian,Petty,Diamond Reef,
Edgar,Cowan,The Velvet Tango Room,
Kash,Knapp,The Polo Lounge,
Grady,Cain,Charlie Was A Sinner,
Brynlee,Mejia,The Kill Devil Club,
Maximus,Hebert,Beach Tree Bar,
Joanna,Garrett,Academia,
Haley,Mcbride,Square Grouper Tiki Bar,
Jaxton,Anthony,Cannon,
Dalton,Osborne,Occidental,
Lilith,Trevino,The Bella Union,
Aviana,Wilkerson,Dante,
Kingston,Cantu,B.D. Riley's,
Lena,Conrad,The Baldwin and Sons Trading Co.,
Sabrina,Ochoa,George & Dragon,
Maria,Olsen,Room 11,
Ashlyn,Forbes,Academia,
Jett,Casey,Voodoo,
Holden,Hunter,Caravan,
Raven,Doyle,Prairie School,
Jett,Casey,Dram & Grain,
Maverick,Mendez,Britannia Arms,
Nathaniel,Hobbs,Proof,
Frederick,Houston,Voodoo,
Maria,Olsen,Hedley Club,
Andrew,Rivers,Weather Up,
Summer,Solomon,Molly's Shebeen,
Andrew,Griffin,Spilt Milk,
Melissa,Burke,Clover Club,
Rhys,Rowe,The Bar Room at the Beekman Hotel,
Samantha,Nielsen,Dante,
Gunnar,Forbes,Julep,
Alexandra,Yang,Julep,
Adrianna,Wilkerson,Dram & Grain,
Esmeralda,Ellison,Million Dollar Cowboy Bar,
Charlotte,Bonilla,Galaxie,
Lydia,Brennan,The Kill Devil Club,
Alexander,Novak,Donna,
Gianna,Greene,Half Step,
Genesis,Crane,Broken Shaker,
Hayden,Avila,Tiki-Ti ,
Lauren,Melton,Holeman & Finch Public House,
Hank,Ashley,Seven Bamboo,
Saylor,Morrow,The Dead Rabbit,
Sophia,Hamilton,Clover Club,
Jason,Kelly,33 Taps,
Rowen,Bennett,Multnomah Whiskey Library,
Brynn,Bentley,The Sound Table,
Savannah,Maxwell,Square Grouper Tiki Bar,
Raelyn,Leon,Clover Club,
Alejandro,Donaldson,Diamond Reef,
Emiliano,Castro,Gecko Grill,
Brandon,Buchanan,The Old Seelbach Bar,
Jamison,Maldonado,The Blank Club,
Mario,Norton,Molly's Shebeen,
Journey,Chaney,Blue Tattoo,
Cadence,Ford,Salty Dawg Saloon,
Juliette,Hobbs,33 Taps,
Veronica,Armstrong,The Sound Table,
Eva,Bond,Multnomah Whiskey Library,
Allison,Carney,Weather Up,
Joy,Joseph,The Bar Room at the Beekman Hotel,
Haley,Nicholson,Taste by Niche,
Skye,Herrera,Old Ebbitt Grill,
Jett,Casey,Voodoo,
Winter,Trujillo,B.D. Riley's,
Hudson,Cole,Altitude Sky Lounge,
Ezequiel,Burns,Dram & Grain,
Braylen,Sloan,The Backbeat,
Brynn,Bentley,Raven & Rose,
Owen,Calhoun,Blue Tattoo,
Lucille,Burch,Prizefighter,
Josephine,Dudley,Kon Tiki Restaurant Lounge,
Georgia,Ayala,The Backbeat,
Maggie,Cervantes,Spilt Milk,
Riley,Fleming,Tiki-Ti ,
Lydia,Brennan,The Sound Table,
Ryleigh,Payne,Mai Tai Bar,
Justin,Duncan,Billy Sunday,
Maeve,Horne,French 75,
Keegan,Hopkins,The B-Hive,
Princeton,Riley,Britannia Arms,
Rhett,Huerta,The Silver Dollar,
Gianna,Larsen,The Baldwin and Sons Trading Co.,
Jaxson,Singleton,Occidental,
Grayson,Dickson,George & Dragon,
Juliet,Young,Sweet Liberty,
Lucy,Schroeder,Cabana,
Saylor,Morrow,Occidental,
Madison,Benjamin,Cannon,
Theodore,Bryan,Kon Tiki Restaurant Lounge,
Winter,Trujillo,Big Bar,
Jeffrey,Fritz,Lost Lake,
Ariel,Bauer,Clyde Common,
Melanie,Gutierrez,The Old Seelbach Bar,
Sophia,Wall,Beach Tree Bar,
Margaret,Rangel,King Cole Bar,
Amiyah,Schwartz,Taste by Niche,
Remi,Chan,Sazerac Bar,
Emiliano,Bradford,Red Key Tavern,
Adelaide,Mckee,Academia,
Nylah,Chung,The Backbeat,
Xander,Gordon,Beach Tree Bar,
Georgia,Ayala,Gecko Grill,
Jaxton,Anthony,Mace ,
Jaxson,Singleton,Eulipia,
Delilah,Trevino,Slowly Shirley,
Averie,Dyer,Spirit,
Willa,Tapia,Occidental,
Brooklynn,Serrano,The Upstairs Bar at City Grocery,
Raelyn,Leon,Dante,
Jennifer,Nash,Donna,
Theo,Weeks,The Magdalenae Room,
Bianca,Riley,Giza Hookah Lounge,
Ezequiel,Burns,Bar Agricole,
Samantha,Kidd,Giza Hookah Lounge,
Esther,Perry,Britannia Arms,
Karter,Wheeler,B.D. Riley's,
Liliana,Christian,Polite Provisions,
Maggie,Cervantes,Big Bar,
Amira,Hardin,George & Dragon,
Ariah,Garcia,BlackTail,
Emmanuel,Shea,Il Fornaio,
Aubree,Salazar,Half Step,
Leonel,Conrad,Prairie School,
Averie,Dyer,Spirit,
Haley,Nicholson,Sweet Liberty,
Skylar,Mcfarland,Half Step,
Emerson,Kelley,Prizefighter,
Isaiah,York,Seamstress,
Emmanuel,Shea,Il Fornaio,
Mya,Cobb,Death + Company,
Taylor,Sampson,Taste by Niche,
Alyssa,Bautista,Polite Provisions,
Rowen,Ray,Taste by Niche,
Nolan,Moon,The Wayland,
Maverick,Weiss,Donna,
Maci,Hancock,Milk Room,
Peyton,Whitaker,Blue Angel,
Asher,Ray,Daquiri Time Out,
Noah,Thomas,Seamstress,
Jade,Macias,Room 11,
Jessica,Ortiz,Prairie School,
Zander,Stephenson,Million Dollar Cowboy Bar,
Eden,Leonard,Charlie Was A Sinner,
Makenna,Vaughan,Spilt Milk,
Lilly,Dunn,A.P. Stump's,
Brynn,Bentley,King Cole Bar,
Genesis,Whitehead,Beach Tree Bar,
Camilla,Mercado,Holeman & Finch Public House,
Camryn,Cardenas,The Sound Table,
Gracie,Baird,King Cole Bar,
Aden,Romero,Cabana,
Emily,Valdez,Charlie Was A Sinner,
Jordan,Huff,Galaxie,
Allyson,Powell,Club 175,
Ezequiel,Whitney,Square Grouper Tiki Bar,
Jane,Baxter,Club No Minors,
Albert,Kraus,33 Taps,
Maeve,Horne,33 Taps,
Kylie,Hunt,Galaxie,
Callie,Blankenship,No Vacancy at the Juniper Hotel,
Blake,Valencia,Blue Angel,
Andrea,Li,The Dubliner,
Cataleya,Carney,33 Taps,
Sofia,Cline,The Hawthorne,
Bianca,Kelly,Kask,
Maverick,Weiss,The Violet Hour,
Malia,White,Goodnight Gracie Jazz & Martini Bar,
Ismael,Blanchard,Clyde Common,
Ezequiel,Whitney,Mace ,
Grant,Shepherd,Old Ebbitt Grill,
Braelynn,Romero,Death + Company,
Thiago,Shannon,The Whining Pig,
Zane,Robbins,Weather Up,
Ainsley,Freeman,Billy Sunday,
Malia,Robbins,The Griswold Inn Tap Room,
Kayden,Wyatt,Diamond Reef,
Isabel,Holt,McMahon's Public House,
Valeria,Romero,Seven Bamboo,
Grant,Shepherd,BackBar,
Related Post,Kane,Club 175,
Daniel,Adelman,Club 175,
Tatum,Burns,Coconut Willie's Cocktail Lounge,
Chandler,Mclean,Altitude Sky Lounge,
Kason,Cardenas,The Velvet Tango Room,
Georgia,Krause,Barnacle Bar,
Robert,Kirk,Death + Company,
Andrew,Griffin,Blue Angel,
Vivienne,Torres,Kask,
April,Dodson,Clyde Common,
Frederick,Houston,The Magdalenae Room,
Jordyn,Archer,Il Fornaio,
Allyson,Hickman,Seamstress,
Brinley,Fry,Julep,
Brinley,Fry,Julep,
Rhett,Huerta,Clyde Common,
Adelaide,Mckee,Million Dollar Cowboy Bar,
Grady,Guzman,The Sound Table,
Camilla,Patrick,Molly's Shebeen,
Charlotte,Bonilla,Galaxie,
Zara,Cantu,Charlie Was A Sinner,
Itzel,Petty,The Old Seelbach Bar,
Theodore,Bryan,Blue Tattoo,
Kayden,Wyatt,Anvil Bar & Refuge,
Kendra,Mcintyre,George & Dragon,
Alaina,Tate,33 Taps,
Patrick,Beard,Employees Only,
Samuel,Joyce,Broken Shaker,
Madilyn,Delacruz,Donna,
Hayes,Golden,PX,
Noelle,Young,Multnomah Whiskey Library,
Ariel,Norton,Goodnight Gracie Jazz & Martini Bar,
Maximilian,Robinson,Coconut Willie's Cocktail Lounge,
Jimena,Kane,Square Grouper Tiki Bar,
Kali,Acevedo,The Griswold Inn Tap Room,
Wren,Frey,Hedley Club,
Marcos,Colon,Blue Angel,
Faith,Weber,Giza Hookah Lounge,
Jason,Kelly,George & Dragon,
Serena,Estes,The B-Hive,
Lucia,Deleon,The Blank Club,
Katelyn,Chen,The Silver Dollar,
Axel,Mitchell,Attaboy,
Amiyah,Schwartz,Milk Room,
Lennon,White,The Violet Hour,
Hudson,Farley,Kask,
Tyson,Mcconnell,Anvil Bar & Refuge,
Dominick,Holder,The Hawthorne,
Malia,Lewis,Kask,
Augustus,Cherry,Room 11,
Sarai,Hoffman,Seven Bamboo,
Sterling,Murphy,The Carousel Bar & Lounge,
Olive,Shea,Dutch Kills,
Jeremy,Chambers,Seamstress,
Grant,Shepherd,Old Ebbitt Grill,
Elliana,Powell,The Velvet Tango Room,
Kiara,Cooke,Blackberry Farm,
Ainsley,Freeman,Distil,
Zachariah,Greer,Galaxie,
Messiah,Ellison,Occidental,
Isabella,Cervantes,33 Taps,
Felicity,Warren,Cabana,
Braelynn,Crawford,Vesper Bar,
Grant,Preston,Million Dollar Cowboy Bar,
Valentina,Davis,The Dead Rabbit,
Eva,Bond,Dutch Kills,
Madelynn,Zimmerman,Molly's Shebeen,
Maeve,Horne,Club No Minors,
Allen,Frazier,Weather Up,
Mateo,Fuller,Blue Tattoo,
Adeline,Archer,Altitude Sky Lounge,
Corey,Tapia,Club No Minors,
Hayden,Kirk,Blue Tattoo,
Brooke,Zavala,Employees Only,
Nathaniel,Gilbert,Anvil Bar & Refuge,
Grant,Black,The Kill Devil Club,
Eve,Valdez,The Bar Room at the Beekman Hotel,
Kendra,Mcintyre,French 75,
Malia,Lewis,Kask,
Jessica,Ortiz,No Vacancy at the Juniper Hotel,
Jeremy,Chambers,Bar Crudo ,
Allyson,Powell,Club 175,
Brandon,Buchanan,Goodnight Gracie Jazz & Martini Bar,
Zane,Lawrence,The Violet Hour,
Connor,Arnold,The Sound Table,
Nasir,Hartman,Weather Up,
Zuri,Cooley,Occidental,
Jordyn,Archer,Bar Agricole,
Adrian,Osborne,ROKC,
Christian,Vang,Beach Tree Bar,
Khloe,Hinton,Attaboy,
Tatum,Burns,Altitude Sky Lounge,
Gerardo,Burke,Anvil Bar & Refuge,
Ryan,Beck,The Magdalenae Room,
