ItemName,
acai juice,
acorn squash,
adobo,
aioli,
ale,
alfredo sauce,
alligator,
allspice,
almond butter,
almond extract,
almond milk,
almond paste,
almonds,
amaretto,
ancho chile peppers,
anchovies,
anchovy paste,
andouille sausage,
angelica,
apple butter,
apple pie spice,
apples,
applesauce,
apricots,
aquavit,
artichokes,
artificial sweetener,
arugula,
asiago cheese,
asparagus,
avocados,
bacon,
bacon grease,
bagels,
baguette,
baking powder,
baking soda,
balsamic vinegar,
bananas,
barbecue sauce,
bard,
barley,
barley sugar,
basil,
bass,
bay leaves,
beans,
bean sauce,
bean sprouts,
bean threads,
beef,
beer,
beets,
berries,
black-eyed peas,
black beans,
blackberries,
black olives,
blueberries,
blue cheese,
bok choy,
borscht,
bouillon,
bourbon,
brandy,
brazil nuts,
breadcrumbs,
breadfruit,
broccoli,
broccoli raab,
broth,
brown rice,
brown sugar,
brunoise,
bruschetta,
brussels sprouts,
buckwheat,
butter,
buttermilk,
cabbage,
cactus,
Canadian bacon,
cannellini beans,
canola oil,
cantaloupes,
capers,
Cappuccino Latte,
carrots,
cashew nut,
catfish,
cauliflower,
caviar,
cayenne pepper,
celery,
celery seeds,
chai,
chambord,
chard,
chaurice sausage,
cheddar cheese,
cherries,
chestnuts,
chicken,
chicken liver,
chickpeas,
chicory,
chile peppers,
chili powder,
chili sauce,
chipotle peppers,
chives,
chocolate,
chocolate milkshake,
chutney,
cider,
cider vinegar,
cilantro,
cinnamon,
clams,
cloves,
coca cola,
cocoa powder,
coconut milk,
coconut oil,
coconuts,
coconut water,
cod,
coffee,
coffee,
colby cheese,
condensed milk,
cookies,
cooking wine,
coriander,
corn,
corned beef,
corn flour,
cornmeal,
cornstarch,
corn syrup,
cottage cheese,
couscous,
crabs,
cranberries,
cranberry juice,
crayfish,
cream,
cream cheese,
cream of tartar,
creme fraiche,
cremini mushrooms,
croutons,
cucumbers,
cumin,
curry leaves,
curry paste,
curry powder,
custard,
dates,
date sugar,
dill,
dr. pepper,
dried leeks,
duck,
dumpling,
earl gray's tea,
eel,
eggplants,
eggs,
English muffins,
fanta,
fennel,
fennel seeds,
feta cheese,
figs,
fish sauce,
five-spice powder,
flax seed,
flounder,
flour,
focaccia,
french fries,
garlic,
garlic powder,
geese,
gelatin,
ginger,
ginger ale,
ginger ale,
Goji berry,
gorgonzola,
gouda,
graham crackers,
granola,
grapefruits,
grapes,
green beans,
green onions,
green tea,
grits,
grouper,
guavas,
habanero chilies,
haddock,
half-and-half,
halibut,
ham,
hamburger,
hash browns,
Havarti cheese,
hazelnuts,
heavy cream,
herring,
hoisin sauce,
honey,
honeydew melons,
horseradish,
hot chocolate,
hot sauce,
huckleberries,
ice cream,
Irish cream liqueur,
jack cheese,
jasmine tea,
jelly beans,
jicama,
Kahlua,
kale,
ketchup,
kidney beans,
kiwi,
kombucha,
kumquats,
lamb,
leeks,
lemonade,
lemon grass,
lemon juice,
lemon juice,
lemon Peel,
lemons,
lentils,
lettuce,
lima beans,
limes,
liver,
lobsters,
macaroni,
mackerel,
Mandarin oranges,
maple syrup,
maraschino cherries,
margarine,
marmalade,
Marsala,
marshmallows,
mascarpone,
mayonnaise,
melons,
mesclun greens,
milk,
milk,
mint,
mint milkshake,
molasses,
monkfish,
moo shu wrappers,
mozzarella,
mushrooms,
mussels,
mustard,
mustard seeds,
navy beans,
nectarines,
oatmeal,
octopus,
okra,
olive oil,
olives,
onion powder,
onions,
orange juice,
orange milkshake,
orange peels,
oranges,
oregano,
pancetta,
panko bread crumbs,
papayas,
paprika,
Parmesan cheese,
parsley,
parsnips,
passion fruit,
pasta,
pea beans,
peaches,
peanut butter,
peanuts,
pears,
peas,
pecans,
pepper,
pepsi,
pesto,
pheasants,
pickles,
pico de gallo,
pig's feet,
pineapple-mango sherbert punch,
pineapples,
pine nuts,
pink beans,
pinto beans,
pistachios,
plantains,
plums,
plum tomatoes,
pomegranates,
poppy seeds,
pork,
portabella mushrooms,
potato chips,
potatoes,
poultry seasoning,
powdered sugar,
prawns,
prosciutto,
provolone,
prunes,
pumpkins,
pumpkin seeds,
quail,
rabbits,
radishes,
raisins,
ramune,
raspberries,
raw sugar,
red beans,
red cabbage,
red chile powder,
red pepper flakes,
red snapper,
remoulade,
rhubarb,
rice,
rice paper,
rice vinegar,
rice wine,
ricotta cheese,
romaine lettuce,
Romano cheese,
rosemary,
rose water,
rum,
sage,
salmon,
salsa,
salt,
sardines,
sauerkraut,
sausages,
sazon,
scallops,
sea cucumbers,
sesame seeds,
shallots,
sherry,
shitakes,
shrimp,
skim milk,
snap peas,
snapper,
snow peas,
sour cream,
soybeans,
soymilk,
soy sauce,
spaghetti squash,
sparkling water,
spearmint,
spinach,
split peas,
squash,
squid,
steak,
strawberries,
strawberry milkshake,
succotash,
sugar,
summer squash,
sunflower seeds,
sushi,
sweet chili sauce,
sweet peppers,
sweet potatoes,
swiss cheese,
swordfish,
Tabasco sauce,
tarragon,
tartar sauce,
tea,
tea,
thyme,
tofu,
tomatoes,
tomato juice,
tomato juice,
tomato paste,
tomato puree,
tomato sauce,
tonic water,
tortillas,
trout,
truffles,
tuna,
turkeys,
turnips,
turtle,
unsweetened chocolate,
vanilla,
vanilla bean,
vanilla milkshake,
veal,
vegemite,
venison,
vermouth,
vinegar,
walnuts,
wasabi,
water,
water,
water chestnuts,
watermelons,
white beans,
white chocolate,
wild rice,
wine,
wine vinegar,
won ton skins,
Worcestershire sauce,
yogurt,
zest,
zinfandel wine,
