FirstName,LastName,Beer,
Jude,Mckay,Allagash White,
Connor,Arnold,Hill Farmstead Everett Porter,
Cruz,Riley,Clown Shoes Undead Party Crasher,
Lauren,Mcgrath,Upslope Brown Ale,
Vivienne,Torres,Budweiser,
Mckinley,Fitzgerald,Creamy Dark,
Edgar,Cowan,Hill Farmstead Everett Porter,
Raven,Doyle,Pipeworks Citra,
Tatum,Sullivan,Samuel Adams Utopias,
Leighton,Durham,Terrapin Wake n Bake,
Viviana,Robles,Russian River Pliny the Elder,
Piper,Mcfarland,New Holland Dragon’s Milk,
Sydney,Park,Breckenridge Vanilla Porter,
Mario,Norton,Green Flash Hop Head Red,
Skylar,Mcfarland,Jester King Boxer’s Revenge,
Warren,Obrien,Craftsman Cabernale,
Mateo,Fuller,Dogfish Head 90 Minute IPA,
Aviana,Wilkerson,Saint Arnold Fancy Lawnmower,
Aspen,Blair,Tröegs Nugget Nectar,
Saylor,Morrow,Wild Heaven Eschaton,
Chloe,Castro,Hill Farmstead Abner,
Eve,Valdez,New Holland Dragon’s Milk,
Callie,Blankenship,Killian's,
Holden,Hunter,The Alchemist Focal Banger,
Sylvia,Mitchell,Avery Rumpkin,
Emerson,Wilkins,Westbrook Mexican Cake,
Charlie,Chen,Wild Heaven Eschaton,
Ivy,Saunders,Sierra Nevada Bigfoot Barleywine-Style Ale,
Aliyah,Edwards,Avery Mephistopheles Stout,
Gracie,Gallegos,Avery Uncle Jacob’s Stout,
Tucker,Whitney,Jester King Boxer’s Revenge,
Lena,Franco,Zima Citrus,
Andrea,Flowers,ICEHOUSE,
Isabelle,Maxwell,Revolution Anti-Hero IPA,
Ayla,Mccarthy,Terrapin Wake n Bake,
Aspen,Blair,Goose Island Bourbon County Stout,
Jayceon,Peters,Smuttynose Finest Kind IPA,
Peyton,Whitaker,Victory Prima Pils,
Mario,Norton,Avery Uncle Jacob’s Stout,
Adrianna,Wilkerson,Blue Moon,
Eloise,Beard,Kern River Brewing Citra DIPA,
Lena,Conrad,Smuttynose Finest Kind IPA,
Hayden,Avila,Terrapin Wake n Bake,
Titus,Rowland,Terrapin Wake n Bake,
Ibrahim,Cuevas,Jai Alai IPA,
Zoey,Parker,Fullsteam Carver,
Elizabeth,Shea,Sierra Nevada Pale Ale,
Emma,Pineda,Great Lakes Edmund Fitzgerald Porter,
Paisley,Carroll,Pipeworks Citra,
Stephen,Rosario,Firestone Walker Union Jack IPA,
Austin,Flynn,NoDa Hop Drop n Roll,
Itzel,Petty,Three Floyds Zombie Dust,
Trenton,Mccall,Dark Horse Plead the 5th,
Amy,Sherman,Saint Arnold Fancy Lawnmower,
Francisco,Pugh,Bud,
Isabelle,Maxwell,Cigar City Hanaphu Imperial Stout,
Wade,Lucero,Original Premium Lager,
Oakley,Shaw,Great Divide Yeti,
Justin,Chan,Three Floyds Zombie Dust,
Walker,Fox,Funky Buddha Maple Bacon Coffee Porter,
Kian,Parsons,Jolly Pumpkin La Roja,
Edgar,Cowan,Blue Moon,
Ruth,Berg,Revolution Anti-Hero IPA,
Averie,Dyer,Sam Adams Boston Lager,
Jaxson,Singleton,Hair of the Dog Adam,
Kiara,Cooke,Jai Alai IPA,
Kayla,Yoder,Three Floyds Zombie Dust,
Rhett,Wall,Michelob Golden Draft Light,
Jane,Baxter,Allagash White,
Sabrina,Andersen,New Belgium Lips of Faith La Folie,
Gabriel,Nichols,Zima,
Griffin,Shaw,Russian River Supplication,
Lilah,Camacho,Cigar City Hanaphu Imperial Stout,
Tobias,Barrett,Ballast Point Sculpin,
Victor,Ochoa,Westbrook Mexican Cake,
Margaret,Rangel,Smuttynose Finest Kind IPA,
Tate,Vang,New Glarus Brewing Serendipity,
Mary,Shelton,Pipeworks Citra,
Daniel,Adelman,Schlafly Pumpkin Ale,
Isla,Morrow,Stone IPA,
Macie,Harmon,Terrapin Wake n Bake,
Kash,Lindsey,Schlafly Pumpkin Ale,
Finn,Russo,Saint Arnold Fancy Lawnmower,
Marley,Montgomery,Hill Farmstead Abner,
Arthur,Nelson,Saint Arnold Fancy Lawnmower,
Damon,Mills,Rogue Shakespeare Oatmeal Stout,
Mira,Miranda,Hair of the Dog Adam,
Miriam,Pittman,Boulevard Tank 7,
Robert,Shannon,Hill Farmstead Abner,
Eloise,Beard,Westbrook Mexican Cake,
Hazel,Powers,Creamy Dark,
Dalton,Williams,The Alchemist Focal Banger,
Amy,Perez,Hill Farmstead Abner,
Paisley,Carroll,Original Premium,
Lena,Franco,Hair of the Dog Adam,
Esther,Perry,Avery Rumpkin,
Messiah,Miller,Killian's,
Myla,Bailey,Lost Abbey Duck Duck Gooze,
Emiliano,Bradford,Sam Adams Boston Lager,
Margaret,Ward,Green Flash Hop Head Red,
Xavier,Campos,Dark Horse Plead the 5th,
Kayleigh,Beard,Alpine Great,
Khloe,Hinton,North Coast Old Rasputin,
Kylie,Hunt,Founders KBS (Kentucky Breakfast Stout),
Valentina,Davis,Breckenridge Vanilla Porter,
Tatum,Burns,Rogue Shakespeare Oatmeal Stout,
Noah,Thomas,North Coast Old Rasputin,
Diana,Walters,Michelob Golden Draft Light,
Andrew,Griffin,Zima,
Sabrina,Ochoa,Dogfish Head 90 Minute IPA,
Samantha,Kidd,North Coast Old Rasputin,
Nevaeh,Solomon,Fullsteam Carver,
Eden,Leonard,Bell’s Hop Slam,
Zachariah,Greer,Bud,
Sylvia,Mitchell,North Coast Old Rasputin,
Riley,Hoffman,Breckenridge Vanilla Porter,
Maverick,Weiss,Original Premium,
August,Murillo,Russian River Supplication,
Stephen,Rosario,The Bruery Sans Pagaie,
Brynlee,Richardson,Creamy Dark,
Daniel,Adelman,Saint Arnold Fancy Lawnmower,
Remington,Lucas,Jai Alai IPA,
Madison,Benjamin,Stolichnaya Citrona,
Gianna,Greene,Wicked Weed Serenity,
Mohamed,Gross,Great Divide Yeti,
Declan,Parrish,Samuel Adams Utopias,
Amy,Sherman,Stolichnaya Citrona,
Miriam,Pittman,Terrapin Wake n Bake,
Carlos,Hoover,Toppling Goliath PseudoSue,
Ibrahim,Holden,Avery Rumpkin,
Maximiliano,Young,Stolichnaya Citrona,
Justin,Duncan,Ten Fidy,
Jude,Proctor,Founders KBS (Kentucky Breakfast Stout),
Ruben,Summers,Smuttynose Finest Kind IPA,
Elliana,Powell,Revolution Anti-Hero IPA,
Braxton,Walker,Russian River Supplication,
Cadence,Reeves,North Coast Old Rasputin,
Emmanuel,Shea,The Bruery Sans Pagaie,
Ashlyn,Brady,Lagunitas IPA,
Regina,Brennan,Foothills Brewing Sexual Chocolate,
Taylor,Sampson,Firestone Walker Velvet Merkin,
Gemma,Esparza,Breckenridge Vanilla Porter,
Gunnar,Forbes,Blue Moon,
Emiliano,Bradford,Cigar City Hanaphu Imperial Stout,
Nolan,Moon,Three Floyds Zombie Dust,
Kimberly,Crawford,Great Divide Yeti,
Paris,Holmes,Avery Mephistopheles Stout,
Vanessa,Todd,Southpaw Light,
Rose,Pace,Extra Gold,
Austin,Flynn,Saint Arnold Fancy Lawnmower,
Aaron,Parker,Original Premium Lager Dog,
David,Delgado,New Belgium Lips of Faith La Folie,
Kaitlyn,Gill,Cascade Brewing Apricot Ale,
Landon,Gross,The Alchemist Heady Topper,
Gracie,Baird,Killian's,
Makenna,Vaughan,Half Acre Daisy Cutter,
Malik,Knapp,NoDa Hop Drop n Roll,
Lilly,Mann,Breckenridge Vanilla Porter,
Chloe,Buck,Deschutes Black Butte Porter,
Gunnar,Forbes,Dale's Pale Ale,
Isabel,Holt,Michelob Golden Draft,
Lilly,Dunn,Russian River Pliny the Elder,
Colton,Cameron,Michelob ULTRA,
Kimberly,Ayala,Firestone Walker Wookey Jack,
Sydney,Park,Dogfish Head 90 Minute IPA,
Madelynn,Best,Cigar City Hanaphu Imperial Stout,
Miriam,Pittman,Zima,
Jose,Bass,Bud,
Thiago,Shannon,Great Divide Yeti,
Haley,Nicholson,Hair of the Dog Adam,
Kaiden,Warner,Wicked Weed Serenity,
Jax,Potts,Hefeweizen Doppelbock,
Frederick,Houston,Half Acre Daisy Cutter,
Ezequiel,Whitney,Lagunitas IPA,
Delaney,Dudley,The Alchemist Heady Topper,
Hazel,Phelps,Toppling Goliath PseudoSue,
Derrick,Ferrell,Widmer Brothers Hefeweizen,
Abigail,Shaffer,Bell’s Two Hearted,
Andrea,Flowers,Avery Mephistopheles Stout,
Kayleigh,Beard,Sauza Diablo,
Sawyer,Costa,Avery Mephistopheles Stout,
Sylvia,Mitchell,Saint Arnold Fancy Lawnmower,
Kamryn,Fernandez,Allagash White,
Brinley,Fry,New Holland Dragon’s Milk,
Charlie,Holmes,Michelob ULTRA,
Aubree,Salazar,Firestone Walker Wookey Jack,
Avianna,Bruce,Allagash White,
Paisley,Mcmahon,NoDa Hop Drop n Roll,
Max,Lawson,Great Lakes Edmund Fitzgerald Porter,
Jordyn,Archer,ICEHOUSE,
Lana,Nixon,Great Divide Yeti,
Ana,Rich,21st Amendment Bitter American,
Raelyn,Hebert,New Glarus Brewing Serendipity,
Kylie,Sutton,New Glarus Brewing Serendipity,
Kaden,Kane,21st Amendment Bitter American,
Noel,Robertson,Ten Fidy,
Collin,Decker,Creamy Dark,
Mikayla,Le,Deschutes Black Butte Porter,
Addison,Yoder,Russian River Supplication,
Easton,Wu,DC Brau On the Wings Of Armageddon,
Gideon,Warren,Craftsman Cabernale,
Dylan,Lowe,Budweiser,
Desmond,Wright,Left Hand Milk Stout Nitro,
Presley,Madden,North Coast Old Rasputin,
Alejandro,Harris,New Holland Dragon’s Milk,
Londyn,Hartman,Goose Island Bourbon County Stout,
Bryson,Glenn,Sierra Nevada Bigfoot Barleywine-Style Ale,
Related Post,Houston,Samuel Adams Utopias,
Leonardo,Dawson,Michelob Golden Draft,
Skye,Herrera,Firestone Walker Velvet Merkin,
Mckinley,Rangel,Anchor Steam Beer,
Melody,Cobb,Fullsteam Carver,
Jason,Kelly,Gigantic IPA,
Thiago,Shannon,DC Brau On the Wings Of Armageddon,
Kendra,Mcintyre,Creamy Dark,
Aubrey,Rasmussen,Surly Brewing Darkness,
Mateo,Fuller,Schlafly Pumpkin Ale,
Gabriel,Nichols,Firestone Walker Wookey Jack,
Amira,Hardin,The Bruery Saison Rue,
Jayceon,Peters,Boulevard Tank 7,
Adriel,Estes,Russian River Pliny the Elder,
Gracelyn,Dunlap,Allagash Curieux,
Miriam,Zhang,Cigar City Hanaphu Imperial Stout,
Liam,Arellano,Allagash Curieux,
Isabella,Cervantes,Samuel Adams Utopias,
Joseph,Brown,New Glarus Brewing Serendipity,
Remi,Chan,Funky Buddha Maple Bacon Coffee Porter,
Archer,Crawford,Original Premium,
Victor,Ochoa,Hefeweizen Doppelbock,
Kyler,Chapman,Sauza Diablo,
Saul,Sullivan,Alpine Great,
Jasper,Hart,Hair of the Dog Adam,
Kayla,French,Dark Horse Plead the 5th,
Jax,Stanley,Budweiser,
Jason,Kelly,Saint Arnold Fancy Lawnmower,
Sterling,Mcconnell,Revolution Anti-Hero IPA,
Jane,Baxter,Dogfish Head 90 Minute IPA,
Kali,Acevedo,Alpine Duet IPA,
Raiden,Olson,Capital Autumnal Fire Doppelbock,
Amira,Boyle,Saint Arnold Fancy Lawnmower,
Brynlee,Baxter,Michelob Amber Bock,
Harley,Zimmerman,Allagash White,
Gracie,Espinoza,Schlafly Pumpkin Ale,
Asher,Ray,Deschutes Black Butte Porter,
Kendra,Mcintyre,Perennial Artisan Ales Abraxas Imperial Stout,
Simon,Wall,Hair of the Dog Adam,
Ali,Villa,New Belgium Fat Tire,
Allyson,Hickman,Left Hand Milk Stout Nitro,
Malia,Lewis,Fullsteam Carver,
Lucy,Schroeder,Hill Farmstead Abner,
Adrian,Osborne,Haymarket Angry Birds Rye IPA,
Ibrahim,Holden,Half Acre Daisy Cutter,
Jason,Vaughn,Widmer Brothers Hefeweizen,
Rory,Blackburn,Tröegs Nugget Nectar,
Saul,Sullivan,Lagunitas IPA,
Robert,Pennington,Wicked Weed Serenity,
Lilah,Camacho,Tröegs Nugget Nectar,
Landon,Gross,Hair of the Dog Adam,
Trinity,George,Wicked Weed Serenity,
Aaron,Parker,Saint Arnold Fancy Lawnmower,
Esmeralda,Hampton,Hair of the Dog Adam,
Hector,Landry,Toppling Goliath PseudoSue,
Hudson,Cole,Dogfish Head 90 Minute IPA,
Landon,Gross,Michelob Amber Bock,
Sterling,Mcconnell,Sierra Nevada Pale Ale,
Sarah,Holder,New Holland Dragon’s Milk,
Amiyah,Schwartz,Lagunitas IPA,
Bentley,Wu,Great Divide Yeti,
Tucker,Whitney,Hill Farmstead Everett Porter,
Alex,Richards,Lagunitas Brown Shugga,
Averie,Dyer,Left Hand Milk Stout Nitro,
Cadence,Flynn,Extra Gold,
Kimberly,Serrano,Samuel Adams Utopias,
August,Gonzalez,The Alchemist Focal Banger,
Eduardo,Dawson,Sam Adams Boston Lager,
Sullivan,Parrish,Widmer Brothers Hefeweizen,
Daniella,Richards,Breckenridge Vanilla Porter,
Gracie,Espinoza,Highland Cold Mountain Winter Ale,
Millie,Morrow,Perennial Artisan Ales Abraxas Imperial Stout,
Wyatt,Rich,Original Premium Lager Dog,
Roberto,Bowman,Michelob Golden Draft,
Messiah,Miller,Creamy Dark,
Lucille,Goodman,Bell’s Hop Slam,
Raelyn,Leon,Green Flash Hop Head Red,
Phoenix,Compton,Firestone Walker Parabola,
Oakley,Meza,ICEHOUSE,
Rachel,Stout,The Alchemist Heady Topper,
Brynlee,Richardson,Blue Moon,
Ayla,Mccarthy,Zima,
Ezequiel,Hinton,Founders KBS (Kentucky Breakfast Stout),
Jason,Fernandez,Firestone Walker Velvet Merkin,
Silas,Mcfarland,Cascade Brewing Apricot Ale,
Silas,Mcfarland,AleSmith Horny Devil,
Tristan,Potts,New Glarus Brewing Serendipity,
Nevaeh,Solomon,Lagunitas Brown Shugga,
Brycen,Butler,Tröegs Nugget Nectar,
Vanessa,Franklin,Blue Moon,
Mabel,Larsen,The Alchemist Focal Banger,
Maggie,Cervantes,Hill Farmstead Abner,
Colt,Blake,Lost Abbey Duck Duck Gooze,
Paris,Dennis,Three Floyds Dark Lord,
Zayne,Barrett,Lagunitas Brown Shugga,
Josephine,Knapp,New Holland Dragon’s Milk,
Maia,Duncan,Saint Arnold Fancy Lawnmower,
Marco,Evans,Tröegs Nugget Nectar,
Brody,Lowery,Kern River Brewing Citra DIPA,
Jace,Oneill,DC Brau On the Wings Of Armageddon,
Milo,Todd,Cigar City Hanaphu Imperial Stout,
Alejandro,Donaldson,Brooklyn Brewery Lager,
Taylor,Sampson,Tröegs Nugget Nectar,
Makenna,Avila,Westbrook Gose,
Aubree,Salazar,Original Premium,
Gracie,Gallegos,Haymarket Angry Birds Rye IPA,
Zachariah,Greer,The Alchemist Focal Banger,
Dexter,Jackson,Westbrook Mexican Cake,
Porter,Myers,Wild Heaven Eschaton,
Jason,Fernandez,Troegs Mad Elf,
Briana,Armstrong,Zima,
Ellie,Parker,ICEHOUSE,
Marley,Montgomery,Saint Arnold Fancy Lawnmower,
Amira,Harrington,The Alchemist Focal Banger,
Diego,Hart,DC Brau On the Wings Of Armageddon,
Corbin,Shaffer,The Bruery Sans Pagaie,
Alison,Matthews,Highland Cold Mountain Winter Ale,
Jessica,Kramer,Widmer Brothers Hefeweizen,
Pablo,Noble,Sierra Nevada Pale Ale,
Tucker,Whitney,Boulevard Tank 7,
Haley,Nicholson,Green Flash Hop Head Red,
Donovan,Martinez,Dale's Pale Ale,
Katelyn,Chen,Budweiser,
Addison,Hopkins,Dale's Pale Ale,
Derek,Abbott,Green Flash Hop Head Red,
Trinity,George,Lost Abbey Duck Duck Gooze,
Carly,Irwin,Budweiser,
Thiago,Shannon,Bud,
Diego,Hart,Stolichnaya Citrona,
Gabriel,Nichols,Foothills Brewing Sexual Chocolate,
August,Gonzalez,Rogue Shakespeare Oatmeal Stout,
Eduardo,Pearson,AleSmith Horny Devil,
Jacqueline,Monroe,Stolichnaya Citrona,
August,Murillo,Breckenridge Vanilla Porter,
Genevieve,Andrews,Original Premium,
Grant,Shepherd,Foothills Brewing Sexual Chocolate,
Ruby,Cardenas,Jai Alai IPA,
Riley,Hoffman,Fullsteam Carver,
Allison,Carney,Sierra Nevada Pale Ale,
Kennedi,Wagner,Samuel Adams Utopias,
Josue,Sandoval,The Alchemist Heady Topper,
Felix,Guerrero,Tröegs Nugget Nectar,
Ibrahim,Holden,Original Premium Lager,
Kensley,Blackburn,Alpine Duet IPA,
Ashley,Guerra,Highland Cold Mountain Winter Ale,
Nora,Townsend,Victory Prima Pils,
Ella,Fisher,Bud,
Reid,Wade,Allagash White,
Blake,Pace,Green Flash Palate Wrecker,
Adrianna,Wilkerson,Samuel Adams Utopias,
Hazel,Avila,Capital Autumnal Fire Doppelbock,
Isabel,Holt,Cascade Brewing Apricot Ale,
Parker,Bowman,Hill Farmstead Everett Porter,
Grayson,Dickson,Russian River Blind Pig IPA,
Max,Lawson,New Glarus Brewing Serendipity,
Lyla,Cook,The Bruery Sans Pagaie,
Adrian,Osborne,Hair of the Dog Adam,
Kimberly,Serrano,Founders Red’s Rye,
Saul,Barnes,Great Lakes Edmund Fitzgerald Porter,
Aden,Romero,Extra Gold,
Kason,Haley,The Bruery Sans Pagaie,
Mckinley,Fitzgerald,Boulevard Tank 7,
Michelle,Navarro,Highland Cold Mountain Winter Ale,
Ayla,Mccarthy,21st Amendment Bitter American,
Collin,Fisher,NoDa Hop Drop n Roll,
Troy,Conner,Blue Moon,
Lennon,Larson,Ballast Point Sculpin,
Robert,Kirk,Zima Citrus,
Eva,Dickerson,Extra Gold,
Corbin,Shaffer,NoDa Hop Drop n Roll,
Aidan,Estes,Dark Horse Plead the 5th,
Owen,Hale,The Alchemist Heady Topper,
Warren,Payne,Stone IPA,
Robert,Pennington,Jolly Pumpkin La Roja,
Allyson,Cantu,Terrapin Wake n Bake,
Jason,Cain,Jolly Pumpkin La Roja,
Malcolm,Pineda,Creamy Dark,
Jordyn,Hays,Westbrook Gose,
Delaney,Dudley,Brooklyn Brewery Lager,
Caleb,Mason,Hair of the Dog Adam,
Ruth,Watson,Half Acre Daisy Cutter,
Eva,Dickerson,ICEHOUSE,
Morgan,Beard,Blue Moon,
Haley,Mcbride,Bell’s Hop Slam,
Phoenix,Andrews,Green Flash Palate Wrecker,
Addison,Yoder,Hefeweizen Doppelbock,
Tyler,Bright,Creamy Dark,
Maria,Olsen,DC Brau On the Wings Of Armageddon,
Josephine,Dudley,Brewery Ommegang Three Philosophers,
Dylan,Donaldson,Wicked Weed Serenity,
Mabel,Larsen,Dogfish Head 90 Minute IPA,
Haley,Oconnell,Widmer Brothers Hefeweizen,
Jordyn,Archer,Extra Gold,
Gunnar,Forbes,Avery Uncle Jacob’s Stout,
Lia,Dawson,Foothills Brewing Sexual Chocolate,
Peyton,Church,Bell’s Two Hearted,
Daxton,Burgess,Bell’s Two Hearted,
Skylar,Duran,New Belgium Lips of Faith La Folie,
Frederick,Houston,Brewery Ommegang Three Philosophers,
Sterling,Murphy,21st Amendment Bitter American,
Nasir,Hartman,Upslope Brown Ale,
Daniella,Gomez,Founders Red’s Rye,
Tristan,Huber,Stone IPA,
Lennox,Ferguson,Breckenridge Vanilla Porter,
Legend,Allison,Boulevard Tank 7,
Lawrence,Ochoa,Great Lakes Edmund Fitzgerald Porter,
Lilith,Trevino,New Glarus Brewing Serendipity,
Nora,Townsend,Dark Horse Plead the 5th,
Peyton,Wheeler,The Alchemist Heady Topper,
Scott,Crane,The Alchemist Heady Topper,
Madison,Moreno,Hefeweizen Doppelbock,
Hudson,Cooke,Michelob Amber Bock,
Cooper,Hickman,Alpine Great,
Jordyn,Archer,Avery Rumpkin,
Marley,Patton,Anchor Steam Beer,
Francis,Shepard,Firestone Walker Wookey Jack,
Jason,Cain,Green Flash Hop Head Red,
Mohamed,Wiley,Russian River Pliny the Elder,
Kamryn,Fernandez,Avery Rumpkin,
August,Moore,Highland Cold Mountain Winter Ale,
Georgia,Krause,Deschutes Black Butte Porter,
Makenna,Vaughan,Westbrook Mexican Cake,
Aria,Walls,Anchor Steam Beer,
Elliot,Lindsey,Toppling Goliath PseudoSue,
Malia,Marsh,Avery Rumpkin,
Noel,Robertson,Wild Heaven Eschaton,
Justin,Duncan,Hair of the Dog Adam,
Brinley,Fry,Zima Citrus,
Tristan,Huber,Sauza Diablo,
Leonel,Bolton,Alpine Great,
Emersyn,Bryan,Smuttynose Finest Kind IPA,
Adeline,Archer,Kern River Brewing Citra DIPA,
Kali,Acevedo,Wild Heaven Eschaton,
Walter,Wyatt,The Bruery Saison Rue,
Adriel,Duke,Sierra Nevada Bigfoot Barleywine-Style Ale,
Taylor,Sampson,Firestone Walker Parabola,
Makenzie,Harrington,Boulevard Tank 7,
Braelynn,Crawford,Westbrook Mexican Cake,
Ellie,Rubio,The Alchemist Heady Topper,
Arielle,Jimenez,Alpine Duet IPA,
Abel,Walters,Lagunitas IPA,
Selah,Osborne,New Glarus Brewing Serendipity,
Adam,Henson,Cascade Brewing Apricot Ale,
Serena,Estes,Alpine Duet IPA,
Carson,Chambers,Original Premium Lager,
Andrew,Rivers,Original Premium Lager,
Wesley,Krause,Hill Farmstead Abner,
Kali,Acevedo,Westbrook Gose,
Addison,Hopkins,The Bruery Sans Pagaie,
Mikayla,Le,New Belgium Fat Tire,
Layla,Neal,Southpaw Light,
Drew,Matthews,Smuttynose Finest Kind IPA,
Nathaniel,Gilbert,Surly Brewing Darkness,
Beckham,Wright,Founders Red’s Rye,
Elizabeth,Shea,New Belgium Lips of Faith La Folie,
Skye,Kane,Alpine Great,
Jordan,Huff,Original Premium Lager,
Remington,Buck,Avery Rumpkin,
Aria,Wade,Avery Uncle Jacob’s Stout,
Rowen,Ray,Dark Horse Plead the 5th,
Esther,Perry,The Alchemist Focal Banger,
Callie,Blankenship,Bell’s Two Hearted,
Jax,Stanley,The Bruery Sans Pagaie,
Messiah,Ellison,New Belgium Fat Tire,
Ellie,Rubio,Michelob Golden Draft Light,
Aaron,Parker,Hill Farmstead Abner,
Maryam,Hudson,Bell’s Two Hearted,
Emiliano,Castro,Brooklyn Brewery Lager,
Mary,Shelton,Founders KBS (Kentucky Breakfast Stout),
Nash,Simmons,Saint Arnold Fancy Lawnmower,
Sage,Richmond,Firestone Walker Union Jack IPA,
Aden,Romero,Green Flash Hop Head Red,
Sofia,Cline,Cascade Brewing Apricot Ale,
Parker,Harper,Left Hand Milk Stout Nitro,
Elliana,Powell,Left Hand Milk Stout Nitro,
Raven,Doyle,Russian River Supplication,
Noelle,Young,Michelob Golden Draft Light,
Ismael,Jackson,Boulevard Tank 7,
Travis,Stephenson,Budweiser,
Matthew,Stein,Sierra Nevada Bigfoot Barleywine-Style Ale,
Jude,Harrison,Alpine Duet IPA,
Ezequiel,Mack,Green Flash Palate Wrecker,
Raven,Doyle,Hill Farmstead Everett Porter,
River,Goodwin,New Belgium Fat Tire,
Jasper,Hart,Michelob Amber Bock,
Juliette,Hobbs,Left Hand Milk Stout Nitro,
Spencer,Huerta,North Coast Old Rasputin,
Chloe,Castro,Avery Uncle Jacob’s Stout,
Ivy,Saunders,Bell’s Hop Slam,
Alivia,Irwin,Alpine Duet IPA,
Ibrahim,Cuevas,Jester King Boxer’s Revenge,
Braxton,Walker,Bell’s Two Hearted,
Violet,Lawrence,Perennial Artisan Ales Abraxas Imperial Stout,
Ryleigh,Payne,ICEHOUSE,
Carson,Chambers,Lagunitas Brown Shugga,
Chandler,Harding,Pipeworks Citra,
Amiyah,Thompson,Original Premium,
Adam,Henson,Blue Moon,
Brian,Petty,Stolichnaya Citrona,
Leila,Garrison,Samuel Adams Utopias,
Donovan,Martinez,Widmer Brothers Hefeweizen,
Leonardo,Dawson,Hair of the Dog Adam,
Corey,Tapia,Smuttynose Finest Kind IPA,
Adelaide,Merritt,Jolly Pumpkin La Roja,
Maddison,Conrad,Avery Mephistopheles Stout,
Celeste,Bautista,Pipeworks Citra,
Mason,Parsons,AleSmith Horny Devil,
Felicity,Warren,Founders Red’s Rye,
Roman,Foley,Lagunitas IPA,
Zoey,Riddle,Lagunitas Brown Shugga,
Weston,Reese,Left Hand Milk Stout Nitro,
Wade,Lucero,Zima Citrus,
Eva,Reese,Ballast Point Sculpin,
Zoey,Riddle,Kern River Brewing Citra DIPA,
Gage,Wall,Alpine Great,
Phoenix,Andrews,Tröegs Nugget Nectar,
Aliyah,Edwards,Gigantic IPA,
Alejandro,Donaldson,New Belgium Fat Tire,
Emiliano,Parks,Pipeworks Citra,
Briana,Mccullough,Jai Alai IPA,
Malia,Robbins,Alpine Great,
Kylie,Sutton,Russian River Pliny the Elder,
Declan,Parrish,Zima Citrus,
Melissa,Burke,Dogfish Head 90 Minute IPA,
Conor,Farley,Sierra Nevada Pale Ale,
Jordyn,Hays,Smuttynose Finest Kind IPA,
Annie,Hobbs,Westbrook Gose,
Tyson,Mcconnell,Allagash White,
Malia,Marsh,Half Acre Daisy Cutter,
Martin,Mays,Ballast Point Sculpin,
Morgan,Riley,Budweiser,
Tatum,Sullivan,The Bruery Sans Pagaie,
Zachariah,Michael,Sierra Nevada Bigfoot Barleywine-Style Ale,
Eduardo,Dawson,New Belgium Fat Tire,
Mikayla,Le,Creamy Dark,
Beckham,Mosley,Breckenridge Vanilla Porter,
Walker,Fox,Original Premium Lager,
Haley,Oconnell,The Bruery Sans Pagaie,
River,Goodwin,Ballast Point Sculpin,
Malia,Poole,Saint Arnold Fancy Lawnmower,
Oakley,Ortega,New Belgium Fat Tire,
Hazel,Anthony,Highland Cold Mountain Winter Ale,
Frederick,Houston,Great Divide Yeti,
Lana,Nixon,Surly Brewing Darkness,
Lane,Gomez,Original Premium Lager Dog,
Amy,Perez,The Alchemist Focal Banger,
Kyson,Irwin,New Belgium Fat Tire,
Emmanuel,Shea,Jai Alai IPA,
Addison,Yoder,Hefeweizen Doppelbock,
Valentina,Flynn,Toppling Goliath PseudoSue,
Lia,Dawson,ICEHOUSE,
Andy,Webb,Foothills Brewing Sexual Chocolate,
Aviana,Wilkerson,Original Premium Lager Dog,
Demi,Grimes,Dogfish Head 90 Minute IPA,
Muhammad,Hess,The Alchemist Focal Banger,
Andrew,Griffin,Original Premium Lager Dog,
Edith,Johnston,Stone IPA,
Henry,Gregory,Three Floyds Zombie Dust,
Connor,Arnold,Alpine Duet IPA,
Amiyah,Harmon,Foothills Brewing Sexual Chocolate,
Isabel,Holt,Cigar City Hanaphu Imperial Stout,
Trenton,Simpson,Firestone Walker Velvet Merkin,
Ariah,Proctor,Dogfish Head 90 Minute IPA,
Carly,Duffy,Smuttynose Finest Kind IPA,
Ariyah,Peters,North Coast Old Rasputin,
Connor,Arnold,NoDa Hop Drop n Roll,
Remi,Chan,Clown Shoes Undead Party Crasher,
Journey,Shaffer,Dark Horse Plead the 5th,
Riley,Fleming,Budweiser,
Amy,Perez,Kern River Brewing Citra DIPA,
Genesis,Crane,Ballast Point Sculpin,
Madelynn,Zimmerman,Great Lakes Edmund Fitzgerald Porter,
Kelsey,Wilkerson,Zima,
Kaiden,Mosley,Sauza Diablo,
Porter,Rich,Highland Cold Mountain Winter Ale,
Aden,Romero,Founders KBS (Kentucky Breakfast Stout),
Warren,Obrien,Sauza Diablo,
Myles,Decker,Brooklyn Brewery Lager,
Makenna,Avila,Kern River Brewing Citra DIPA,
Eliana,Golden,Jester King Boxer’s Revenge,
Malik,Knapp,Wicked Weed Serenity,
Jeremy,Wheeler,Revolution Anti-Hero IPA,
Aaron,Parker,Hair of the Dog Adam,
Nora,Townsend,Upslope Brown Ale,
Peyton,Church,Breckenridge Vanilla Porter,
Jett,Casey,Founders KBS (Kentucky Breakfast Stout),
Gabriel,Nichols,Ten Fidy,
Lincoln,Baird,Tröegs Nugget Nectar,
Jordyn,Hays,Fullsteam Carver,
Malik,Nguyen,Bud,
Braelyn,Vaughn,New Holland Dragon’s Milk,
Michael,Oneill,Cascade Brewing Apricot Ale,
Lucille,Goodman,Avery Mephistopheles Stout,
Roman,Foley,Avery Uncle Jacob’s Stout,
Muhammad,Hess,Foothills Brewing Sexual Chocolate,
Miracle,Mckay,Surly Brewing Darkness,
Brinley,Fry,Sierra Nevada Bigfoot Barleywine-Style Ale,
Malia,White,Great Lakes Edmund Fitzgerald Porter,
Lucia,Reese,Hair of the Dog Adam,
Amiyah,Thompson,21st Amendment Bitter American,
Abel,Walters,Sam Adams Boston Lager,
Thiago,Shannon,Breckenridge Vanilla Porter,
Briana,Armstrong,Half Acre Daisy Cutter,
Muhammad,Huang,The Bruery Saison Rue,
Marley,Patton,Surly Brewing Darkness,
June,Pollard,Zima Citrus,
Abigail,Shaffer,Cigar City Hanaphu Imperial Stout,
Levi,Bell,Jolly Pumpkin La Roja,
Keegan,Hopkins,Ten Fidy,
Stephen,Soto,Lost Abbey Duck Duck Gooze,
Emerson,Kelley,Bell’s Two Hearted,
Lydia,Brennan,Odell 90 Shilling Ale,
Warren,Obrien,Avery Mephistopheles Stout,
Camila,Henry,Russian River Blind Pig IPA,
Liana,Wilkins,Brewery Ommegang Three Philosophers,
Michael,Harper,New Glarus Brewing Serendipity,
King,Shea,Lagunitas IPA,
Noel,Hudson,The Bruery Saison Rue,
Matthew,Stein,Three Floyds Dark Lord,
Vanessa,Franklin,Hill Farmstead Everett Porter,
John,David,Michelob Golden Draft,
Jayla,Gould,Cigar City Hanaphu Imperial Stout,
Lincoln,Baird,Fullsteam Carver,
Lia,Oneill,Avery Uncle Jacob’s Stout,
Nico,Valencia,Haymarket Angry Birds Rye IPA,
Zayden,Manning,Half Acre Daisy Cutter,
Grant,Preston,New Belgium Fat Tire,
Beckham,Wright,Sauza Diablo,
Kimberly,Bradshaw,Goose Island Bourbon County Stout,
Ella,Dean,Avery Uncle Jacob’s Stout,
Ricardo,Freeman,Deschutes Black Butte Porter,
Bennett,Hunt,Extra Gold,
Piper,Mcfarland,Jester King Boxer’s Revenge,
Sullivan,Parrish,Widmer Brothers Hefeweizen,
Katelyn,Chen,Firestone Walker Velvet Merkin,
Wyatt,Blair,Surly Brewing Darkness,
Dylan,Donaldson,Rogue Shakespeare Oatmeal Stout,
Cayden,Tate,DC Brau On the Wings Of Armageddon,
Moises,Hale,Terrapin Wake n Bake,
Malcolm,Summers,Budweiser,
Katelyn,Wade,Wild Heaven Eschaton,
Daniel,Armstrong,Alpine Duet IPA,
Jason,Cain,Hefeweizen Doppelbock,
Demi,Grimes,Michelob Golden Draft,
Dylan,Sherman,Samuel Adams Utopias,
Devin,Lamb,Southpaw Light,
Levi,Bell,Green Flash Hop Head Red,
Izabella,Donaldson,Southpaw Light,
Trenton,Mccall,Terrapin Wake n Bake,
Amira,Hardin,Bud,
Carlos,Hoover,Saint Arnold Fancy Lawnmower,
Mary,Shelton,Kern River Brewing Citra DIPA,
Arthur,Nelson,Goose Island Bourbon County Stout,
Evelyn,Lester,Tröegs Nugget Nectar,
Francisco,Pugh,Budweiser,
Jaylen,Villarreal,Odell 90 Shilling Ale,
Katelyn,Chen,Smuttynose Finest Kind IPA,
Braelynn,Crawford,Great Divide Yeti,
Malik,Knapp,Toppling Goliath PseudoSue,
Zayne,Barrett,Capital Autumnal Fire Doppelbock,
Marcos,Mcneil,Cigar City Hanaphu Imperial Stout,
Madelynn,Best,Original Premium Lager,
Camila,Henry,Kern River Brewing Citra DIPA,
Ariel,Bauer,Killian's,
Thiago,Shannon,Green Flash Palate Wrecker,
Harper,Turner,Upslope Brown Ale,
Sofia,Harrington,New Glarus Brewing Serendipity,
Remy,Wells,Bell’s Two Hearted,
Brandon,Buchanan,Creamy Dark,
Jaylen,Villarreal,Cigar City Hanaphu Imperial Stout,
Braylen,Sloan,Michelob Amber Bock,
Chase,Murray,Zima Citrus,
Tatum,Green,Green Flash Palate Wrecker,
Calvin,Best,Zima,
Brooke,Zavala,Funky Buddha Maple Bacon Coffee Porter,
Leonel,Bolton,Troegs Mad Elf,
Quinn,Manning,Kern River Brewing Citra DIPA,
Marco,Evans,Michelob ULTRA,
Derrick,Ferrell,New Belgium Lips of Faith La Folie,
Genesis,Crane,Blue Moon,
Jayceon,Peters,North Coast Old Rasputin,
Brody,Lowery,Foothills Brewing Sexual Chocolate,
Martin,Butler,Brooklyn Brewery Lager,
Kaitlyn,Gill,Brooklyn Brewery Lager,
Ariah,Garcia,AleSmith Horny Devil,
Journey,Dickson,Bell’s Hop Slam,
Maryam,Estrada,21st Amendment Bitter American,
Marco,Lindsey,Green Flash Palate Wrecker,
Josephine,Holden,The Bruery Saison Rue,
Kaydence,Patrick,Surly Brewing Darkness,
Easton,Wu,Anchor Steam Beer,
Isabelle,Jones,Michelob Amber Bock,
Connor,Arnold,Lagunitas IPA,
John,David,The Alchemist Focal Banger,
Adrian,Osborne,Allagash White,
Parker,Glass,Killian's,
Malik,Nguyen,Funky Buddha Maple Bacon Coffee Porter,
Brynlee,Mejia,Hair of the Dog Adam,
Nolan,Moon,Sierra Nevada Bigfoot Barleywine-Style Ale,
Ezequiel,Brady,Three Floyds Dark Lord,
Demi,Grimes,The Bruery Sans Pagaie,
Wyatt,Blair,Michelob Golden Draft Light,
Lawson,Conner,Sierra Nevada Bigfoot Barleywine-Style Ale,
River,Poole,Three Floyds Dark Lord,
Regina,Brennan,Smuttynose Finest Kind IPA,
Makenna,Avila,Lost Abbey Duck Duck Gooze,
Remington,Lucas,Surly Brewing Darkness,
Adelaide,Mckee,Troegs Mad Elf,
Kamden,Conner,Stolichnaya Citrona,
Maria,Olsen,Jester King Boxer’s Revenge,
John,Sloan,Zima,
Muhammad,Huang,Creamy Dark,
Rowan,Huerta,Dale's Pale Ale,
Grace,Leblanc,Original Premium Lager,
Gabriel,Burgess,Allagash Curieux,
Jeffrey,Fritz,Original Premium,
Braelyn,Duke,Sierra Nevada Bigfoot Barleywine-Style Ale,
Walker,Hall,Pipeworks Citra,
Marcos,Mcneil,Sauza Diablo,
Jaxson,Singleton,Great Divide Yeti,
Maia,Duncan,Jai Alai IPA,
Gemma,Esparza,Great Divide Yeti,
Porter,Rich,Allagash White,
Cassidy,Montgomery,Troegs Mad Elf,
Natalia,Campos,Zima,
Remington,Buck,Surly Brewing Darkness,
Kylie,Hunt,Terrapin Wake n Bake,
Adam,Henson,The Alchemist Focal Banger,
Phoenix,Compton,Odell 90 Shilling Ale,
Nia,Sullivan,Stolichnaya Citrona,
Alani,Foley,Pipeworks Citra,
Tessa,Cowan,Hair of the Dog Adam,
Jenna,Villa,Blue Moon,
Mya,Cobb,Revolution Anti-Hero IPA,
Kennedi,Murphy,Allagash White,
Mario,Norton,Highland Cold Mountain Winter Ale,
Amira,Boyle,Hefeweizen,
Jane,Baxter,Fullsteam Carver,
Justin,Chan,Allagash Curieux,
Maia,Duncan,Saint Arnold Fancy Lawnmower,
Justin,Wheeler,Left Hand Milk Stout Nitro,
Desmond,Wright,Bell’s Two Hearted,
Kimberly,Bradshaw,Allagash White,
Javier,Chaney,The Bruery Sans Pagaie,
Forrest,Smith,Avery Uncle Jacob’s Stout,
Harper,Turner,Dark Horse Plead the 5th,
Lane,Gomez,Dale's Pale Ale,
Veronica,Armstrong,Troegs Mad Elf,
George,Quinn,Pipeworks Citra,
Ismael,Jackson,Half Acre Daisy Cutter,
Maverick,Dudley,Kern River Brewing Citra DIPA,
Braelynn,Crawford,Lagunitas IPA,
Raelyn,Hebert,The Alchemist Heady Topper,
Juliet,Young,Dark Horse Plead the 5th,
Helen,Gentry,Tröegs Nugget Nectar,
Allen,Frazier,Craftsman Cabernale,
Related Post,Kane,Upslope Brown Ale,
Ismael,Blanchard,Haymarket Angry Birds Rye IPA,
Amari,Curtis,Fullsteam Carver,
Lia,Oneill,Original Premium Lager,
Thomas,Lin,Zima Citrus,
June,Pollard,The Alchemist Heady Topper,
Thiago,Potts,Haymarket Angry Birds Rye IPA,
Delaney,Dudley,Cascade Brewing Apricot Ale,
Joy,Joseph,Haymarket Angry Birds Rye IPA,
Myles,Decker,Westbrook Gose,
Kayla,Yoder,Lost Abbey Duck Duck Gooze,
Anna,Blanchard,New Holland Dragon’s Milk,
Oakley,Meza,Sierra Nevada Pale Ale,
Cadence,Reeves,New Glarus Brewing Serendipity,
Justin,Chan,Lagunitas Brown Shugga,
Kennedi,Wagner,Michelob Amber Bock,
Rory,Pennington,AleSmith Horny Devil,
Jameson,Dunlap,Russian River Supplication,
Josue,Moreno,Jai Alai IPA,
Lilliana,Harrison,21st Amendment Bitter American,
Dylan,Sherman,Great Lakes Edmund Fitzgerald Porter,
Gerardo,Burke,Firestone Walker Wookey Jack,
Walker,Fox,Killian's,
Samuel,Maynard,Hair of the Dog Adam,
Lucille,Burch,Russian River Blind Pig IPA,
Jacqueline,Monroe,AleSmith Horny Devil,
Hayden,Kirk,Alpine Great,
Saylor,Ayala,New Holland Dragon’s Milk,
Jason,Vaughn,New Glarus Brewing Serendipity,
Leonel,Bolton,Sierra Nevada Bigfoot Barleywine-Style Ale,
Nathaniel,Gilbert,New Glarus Brewing Serendipity,
Myles,Decker,Original Premium Lager,
Aden,Romero,AleSmith Horny Devil,
Rhett,Wall,Widmer Brothers Hefeweizen,
Holden,Bentley,Michelob Amber Bock,
Eva,Reese,Craftsman Cabernale,
Kenneth,Peters,Fullsteam Carver,
Connor,Arnold,Funky Buddha Maple Bacon Coffee Porter,
Hudson,Cooke,Green Flash Hop Head Red,
Avery,Tate,Dogfish Head 90 Minute IPA,
Jaxson,Cervantes,Michelob Golden Draft Light,
Evelyn,Lester,Tröegs Nugget Nectar,
River,Goodwin,Founders KBS (Kentucky Breakfast Stout),
Gracelyn,Dunlap,Allagash White,
Kennedy,Shields,The Bruery Saison Rue,
Camden,Cantrell,Brewery Ommegang Three Philosophers,
Frederick,Valentine,AleSmith Horny Devil,
Michael,Oneill,Bud,
Caleb,Mason,Michelob Golden Draft Light,
Elliana,Meyer,Sauza Diablo,
Evangeline,Rogers,Lagunitas Brown Shugga,
Lila,Hinton,Wild Heaven Eschaton,
Trinity,George,Gigantic IPA,
Ariel,Bauer,Left Hand Milk Stout Nitro,
Zuri,Cooley,Samuel Adams Utopias,
Mackenzie,Sampson,Dark Horse Plead the 5th,
Kian,Parsons,Avery Uncle Jacob’s Stout,
Thiago,Kidd,Alpine Duet IPA,
Piper,Mcfarland,Founders Breakfast Stout,
Jade,Macias,Clown Shoes Undead Party Crasher,
Alex,Richards,Stone IPA,
Braelyn,Duke,Saint Arnold Fancy Lawnmower,
Genesis,Whitehead,Allagash Curieux,
Leonardo,Dawson,Hair of the Dog Adam,
Kimberly,Bradshaw,Bell’s Two Hearted,
Lincoln,Baird,Dale's Pale Ale,
Joanna,Conley,Extra Gold,
Titus,Rowland,Boulevard Tank 7,
Hayes,Golden,DC Brau On the Wings Of Armageddon,
Lia,Dawson,Original Premium Lager,
Hank,Howell,Dogfish Head 90 Minute IPA,
Kaitlyn,Gill,Hill Farmstead Abner,
Kyle,Zamora,New Belgium Lips of Faith La Folie,
Warren,Obrien,Killian's,
Charlie,Chen,Lagunitas Brown Shugga,
Carly,Irwin,Hefeweizen,
Jude,Mckay,New Belgium Fat Tire,
Winter,Trujillo,Avery Mephistopheles Stout,
Eden,Horton,Original Premium,
Juliette,Campos,Founders Breakfast Stout,
Aden,Romero,Lost Abbey Duck Duck Gooze,
Finn,Russo,Ten Fidy,
Natalia,Campos,New Holland Dragon’s Milk,
Chase,Murray,Brooklyn Brewery Lager,
Makenna,Avila,Widmer Brothers Hefeweizen,
Gabrielle,Duarte,Sauza Diablo,
Frederick,Houston,Westbrook Gose,
Brinley,Melendez,Russian River Pliny the Elder,
Grant,Black,Hefeweizen Doppelbock,
Chandler,Harding,21st Amendment Bitter American,
Braylen,Atkins,Breckenridge Vanilla Porter,
Jordyn,Hays,Original Premium,
Amanda,Mora,Brooklyn Brewery Lager,
Ismael,Huerta,Cigar City Hanaphu Imperial Stout,
Michelle,Navarro,Original Premium Lager Dog,
Kade,Olson,Russian River Supplication,
Haley,Nicholson,Cigar City Hanaphu Imperial Stout,
Adeline,Burns,Dale's Pale Ale,
Parker,Harper,21st Amendment Bitter American,
Presley,Madden,Avery Mephistopheles Stout,
Enrique,Hayden,Haymarket Angry Birds Rye IPA,
Tristan,Huber,Southpaw Light,
Aubrey,Rasmussen,Jester King Boxer’s Revenge,
Tobias,Barrett,Founders Red’s Rye,
Aspen,Blair,Wicked Weed Serenity,
Brandon,Buchanan,Funky Buddha Maple Bacon Coffee Porter,
Camryn,Bell,Budweiser,
Thiago,Shannon,Pipeworks Citra,
Camilla,Patrick,Perennial Artisan Ales Abraxas Imperial Stout,
Ophelia,Day,Half Acre Daisy Cutter,
Madelynn,Zimmerman,Clown Shoes Undead Party Crasher,
Elizabeth,Shea,Widmer Brothers Hefeweizen,
Natalia,Campos,Left Hand Milk Stout Nitro,
Jude,Mckay,Bud,
Valeria,Romero,Budweiser,
Malcolm,Summers,Bell’s Hop Slam,
Savannah,Maxwell,Lost Abbey Duck Duck Gooze,
Grayson,Dickson,Stolichnaya Citrona,
Rhett,Wall,Three Floyds Zombie Dust,
Asher,Ray,Avery Uncle Jacob’s Stout,
Camryn,Bell,Avery Rumpkin,
Annalise,Maxwell,Goose Island Bourbon County Stout,
Jessica,Ortiz,Ten Fidy,
Isaiah,Burch,Foothills Brewing Sexual Chocolate,
Gabriel,Burgess,Sierra Nevada Pale Ale,
Aria,Sosa,Cascade Brewing Apricot Ale,
Ibrahim,Holden,Michelob Amber Bock,
Matthias,Mcdaniel,Allagash White,
Helen,Schmidt,Zima Citrus,
Daniella,Lang,Gigantic IPA,
Kimberly,Crawford,Sauza Diablo,
Raven,Doyle,Three Floyds Zombie Dust,
Elena,Wheeler,Saint Arnold Fancy Lawnmower,
Lucille,Goodman,Avery Mephistopheles Stout,
Wyatt,Rich,Killian's,
Allyson,Hickman,Alpine Duet IPA,
Connor,Arnold,Dark Horse Plead the 5th,
Genesis,Crane,NoDa Hop Drop n Roll,
Keith,Mcneil,Stone IPA,
Jaylen,Pacheco,Green Flash Palate Wrecker,
Adriel,Estes,Widmer Brothers Hefeweizen,
Raelyn,Hebert,Tröegs Nugget Nectar,
Veronica,Armstrong,Wild Heaven Eschaton,
Mackenzie,Sampson,Cigar City Hanaphu Imperial Stout,
Aiden,Frye,North Coast Old Rasputin,
Maia,Zimmerman,Three Floyds Zombie Dust,
Liam,Arellano,New Glarus Brewing Serendipity,
Georgia,Ayala,21st Amendment Bitter American,
Princeton,Riley,Breckenridge Vanilla Porter,
George,Quinn,Sierra Nevada Pale Ale,
Zayn,Weiss,New Belgium Fat Tire,
Gael,Mann,Three Floyds Zombie Dust,
Justin,Chan,The Bruery Sans Pagaie,
Zane,Robbins,Killian's,
Myles,Patterson,Firestone Walker Parabola,
Isabelle,Maxwell,Hair of the Dog Adam,
Lia,Dawson,Killian's,
Xavier,Campos,Blue Moon,
Enrique,Hayden,Zima,
Declan,Parrish,21st Amendment Bitter American,
Noel,Wood,Green Flash Palate Wrecker,
Brynlee,Baxter,Three Floyds Dark Lord,
Hudson,Cole,Original Premium,
Colt,Blake,Southpaw Light,
Kaitlyn,Gill,DC Brau On the Wings Of Armageddon,
Jett,Casey,Three Floyds Zombie Dust,
Juliet,Mccullough,Michelob ULTRA,
Ismael,Huerta,Firestone Walker Parabola,
Parker,Harper,Deschutes Black Butte Porter,
Brody,Lowery,Alpine Duet IPA,
Makenzie,Harrington,Fullsteam Carver,
Jameson,Dunlap,Zima,
Chloe,Castro,Budweiser,
Francis,Shepard,Bell’s Hop Slam,
Ezequiel,Brady,Cascade Brewing Apricot Ale,
Marco,Evans,Sauza Diablo,
Alana,Hinton,Boulevard Tank 7,
Vivienne,Torres,Blue Moon,
Isabella,Cervantes,Firestone Walker Wookey Jack,
Brynn,Bentley,Craftsman Cabernale,
Emma,Huang,Sauza Diablo,
Michelle,Navarro,Hill Farmstead Abner,
Kathryn,Knapp,Tröegs Nugget Nectar,
Kyson,Irwin,Rogue Shakespeare Oatmeal Stout,
Gerardo,Burke,Half Acre Daisy Cutter,
Ella,Fisher,Founders KBS (Kentucky Breakfast Stout),
Austin,Flynn,Avery Uncle Jacob’s Stout,
Victor,Ochoa,21st Amendment Bitter American,
Ezequiel,Whitney,Allagash White,
Josue,Sandoval,Three Floyds Dark Lord,
Avery,Reynolds,Firestone Walker Union Jack IPA,
King,Shea,Hill Farmstead Abner,
Phoenix,Compton,DC Brau On the Wings Of Armageddon,
Albert,Kraus,Terrapin Wake n Bake,
Miriam,Pittman,Great Divide Yeti,
Maria,Leblanc,Half Acre Daisy Cutter,
Cheyenne,Lee,Founders Red’s Rye,
Elle,Patel,New Holland Dragon’s Milk,
Shelby,Lester,Russian River Supplication,
Ismael,Blanchard,Michelob Golden Draft Light,
Brinley,Fry,Avery Rumpkin,
Jennifer,Nash,Anchor Steam Beer,
Rachel,Stout,Firestone Walker Union Jack IPA,
Presley,Madden,Hill Farmstead Everett Porter,
Kyson,Irwin,Budweiser,
Rafael,Myers,Alpine Great,
Kimberly,Serrano,New Holland Dragon’s Milk,
Jude,Proctor,Original Premium,
Brinley,Hebert,Sierra Nevada Bigfoot Barleywine-Style Ale,
Sydney,Park,Samuel Adams Utopias,
Lena,Martinez,Troegs Mad Elf,
Asher,Ray,Bell’s Two Hearted,
Madeline,Casey,Jolly Pumpkin La Roja,
Jacqueline,Monroe,Brooklyn Brewery Lager,
Sydney,Park,Great Lakes Edmund Fitzgerald Porter,
Jacqueline,Monroe,Killian's,
Nasir,Hartman,Allagash White,
Zoey,Riddle,Avery Uncle Jacob’s Stout,
Journey,Dickson,Perennial Artisan Ales Abraxas Imperial Stout,
Khloe,Hinton,Lagunitas IPA,
Ezequiel,Mack,Hill Farmstead Abner,
Trenton,Simpson,Dale's Pale Ale,
Nolan,Reynolds,Southpaw Light,
Bennett,Hunt,Samuel Adams Utopias,
Caleb,Mullins,Hill Farmstead Everett Porter,
Amira,Romero,Lagunitas Brown Shugga,
Sophia,Wall,Dale's Pale Ale,
Asher,Ray,New Belgium Lips of Faith La Folie,
Leon,Hardin,Founders KBS (Kentucky Breakfast Stout),
Hank,Howell,Clown Shoes Undead Party Crasher,
Zane,Robbins,Hair of the Dog Adam,
Lila,Hinton,Cascade Brewing Apricot Ale,
Marco,Evans,Firestone Walker Wookey Jack,
Kyla,Berg,Terrapin Wake n Bake,
Georgia,Ayala,North Coast Old Rasputin,
Joy,Joseph,Russian River Blind Pig IPA,
Maximus,Hebert,Jai Alai IPA,
Simon,Cox,Craftsman Cabernale,
Helen,Gentry,Tröegs Nugget Nectar,
Kensley,Blackburn,Surly Brewing Darkness,
Easton,Wu,Budweiser,
Gabriel,Burgess,Budweiser,
Demi,Sutton,The Alchemist Focal Banger,
Conor,Farley,Half Acre Daisy Cutter,
Weston,Reese,Original Premium,
Derrick,Ferrell,Toppling Goliath PseudoSue,
Wyatt,Blair,North Coast Old Rasputin,
Elias,Todd,New Belgium Lips of Faith La Folie,
Josephine,Knapp,Michelob Golden Draft,
Samantha,Nielsen,Avery Rumpkin,
Patrick,Beard,Lagunitas IPA,
Elena,Wheeler,Smuttynose Finest Kind IPA,
Valeria,Romero,Surly Brewing Darkness,
Wyatt,Blair,Dale's Pale Ale,
Sophia,Petty,Great Divide Yeti,
Spencer,Mcfarland,Avery Uncle Jacob’s Stout,
Malia,Robbins,Firestone Walker Velvet Merkin,
Grady,Cain,Hefeweizen Doppelbock,
Kaydence,Osborne,Victory Prima Pils,
Sylvia,Wiggins,Dogfish Head 90 Minute IPA,
Lennon,Larson,Original Premium Lager Dog,
Lucia,Deleon,ICEHOUSE,
Kayden,Wyatt,Revolution Anti-Hero IPA,
Kayden,Wyatt,Russian River Blind Pig IPA,
Juliette,Hobbs,Westbrook Gose,
Winston,Martinez,Stolichnaya Citrona,
Dalton,Williams,Founders Breakfast Stout,
Sabrina,Ochoa,Craftsman Cabernale,
Raven,Rollins,Cigar City Hanaphu Imperial Stout,
Maria,Olsen,Firestone Walker Union Jack IPA,
Briana,Armstrong,Killian's,
Santiago,Acevedo,Toppling Goliath PseudoSue,
Jade,Macias,Lagunitas Brown Shugga,
Chandler,Harding,Michelob ULTRA,
Samuel,Maynard,Capital Autumnal Fire Doppelbock,
Garrett,Frey,Kern River Brewing Citra DIPA,
Archer,Crawford,Hill Farmstead Everett Porter,
Selah,Osborne,AleSmith Horny Devil,
Christina,Norris,Southpaw Light,
Rose,Pace,Pipeworks Citra,
Diego,Hart,Perennial Artisan Ales Abraxas Imperial Stout,
Maverick,Dudley,Bell’s Hop Slam,
Brantley,Shepard,Great Lakes Edmund Fitzgerald Porter,
Bruce,Stephens,Hill Farmstead Abner,
Leo,Marsh,Zima Citrus,
Remi,Chan,Left Hand Milk Stout Nitro,
Nayeli,Mcdaniel,Sierra Nevada Pale Ale,
Sydney,Park,Alpine Great,
Adriel,Estes,Saint Arnold Fancy Lawnmower,
Annalise,Maxwell,The Bruery Saison Rue,
Reed,Chang,Rogue Shakespeare Oatmeal Stout,
Braxton,Forbes,Original Premium,
Donovan,Martinez,DC Brau On the Wings Of Armageddon,
Aria,Sosa,Left Hand Milk Stout Nitro,
Kason,Haley,Fullsteam Carver,
Saylor,Morrow,Left Hand Milk Stout Nitro,
Malcolm,Walters,Extra Gold,
Riley,Ferguson,Wicked Weed Serenity,
Rowan,Huerta,The Bruery Saison Rue,
Samantha,Kidd,Jester King Boxer’s Revenge,
Raelyn,Sweeney,Michelob Golden Draft,
Blake,Pace,Half Acre Daisy Cutter,
Lana,Nixon,Pipeworks Citra,
Adan,Flores,Schlafly Pumpkin Ale,
Valeria,Romero,Original Premium,
Major,Duffy,Wild Heaven Eschaton,
Elizabeth,Shea,New Holland Dragon’s Milk,
Macie,Harmon,Funky Buddha Maple Bacon Coffee Porter,
Jeremy,Wheeler,North Coast Old Rasputin,
Hazel,Anthony,Schlafly Pumpkin Ale,
Hazel,Powers,Hill Farmstead Everett Porter,
Maverick,Weiss,New Holland Dragon’s Milk,
Maximiliano,Young,Bud,
Robert,Shannon,Saint Arnold Fancy Lawnmower,
Corbin,Dodson,Kern River Brewing Citra DIPA,
Harper,Farley,Original Premium,
Kyler,Chapman,Jai Alai IPA,
Chloe,Castro,Revolution Anti-Hero IPA,
Arielle,Jimenez,New Holland Dragon’s Milk,
Rowan,Huerta,Alpine Duet IPA,
Emiliano,Parks,ICEHOUSE,
Hayes,Mcdonald,Blue Moon,
Fabian,Young,Wild Heaven Eschaton,
Frederick,Valentine,Left Hand Milk Stout Nitro,
Evelyn,Lester,New Belgium Fat Tire,
Lena,Franco,Avery Rumpkin,
Skye,Herrera,Sam Adams Boston Lager,
Nia,Sullivan,Michelob Golden Draft Light,
Easton,Wu,DC Brau On the Wings Of Armageddon,
Juliette,Hobbs,Killian's,
Nico,Potts,Original Premium Lager,
Chelsea,Powell,Left Hand Milk Stout Nitro,
Skye,Herrera,DC Brau On the Wings Of Armageddon,
Juliette,Mcdonald,Haymarket Angry Birds Rye IPA,
Gerardo,Burke,Founders Breakfast Stout,
Leighton,Durham,Jai Alai IPA,
Paris,Dennis,Original Premium Lager,
Lilly,Mann,Boulevard Tank 7,
Abigail,Browning,Firestone Walker Parabola,
Jazlyn,Hicks,Revolution Anti-Hero IPA,
Gabriel,Burgess,Westbrook Gose,
Kamryn,Fernandez,Russian River Pliny the Elder,
Madeline,Casey,ICEHOUSE,
Maverick,Weiss,Victory Prima Pils,
Matthew,Stein,Founders KBS (Kentucky Breakfast Stout),
Amanda,Mora,Wicked Weed Serenity,
Summer,Solomon,Highland Cold Mountain Winter Ale,
Dexter,Jackson,Wild Heaven Eschaton,
Kayla,French,Firestone Walker Wookey Jack,
Amy,Sherman,Extra Gold,
Jimena,Kane,Extra Gold,
Marcos,Colon,Stolichnaya Citrona,
Marley,Patton,Bell’s Two Hearted,
Willa,Tapia,Smuttynose Finest Kind IPA,
Noelle,Young,Craftsman Cabernale,
Jaxson,Singleton,North Coast Old Rasputin,
Jaxson,Singleton,Original Premium Lager,
Gerardo,Burke,Budweiser,
Xavier,Campos,Brooklyn Brewery Lager,
Joshua,Walter,Foothills Brewing Sexual Chocolate,
Related Post,Kane,Rogue Shakespeare Oatmeal Stout,
Saul,Barnes,Cigar City Hanaphu Imperial Stout,
Rose,Pace,Jai Alai IPA,
Adeline,Archer,Brewery Ommegang Three Philosophers,
Nora,Townsend,Firestone Walker Wookey Jack,
Kason,Cardenas,AleSmith Horny Devil,
Elizabeth,Shea,Founders Breakfast Stout,
Jose,Kidd,Founders Breakfast Stout,
George,Quinn,Boulevard Tank 7,
Isabel,Holt,Dale's Pale Ale,
Xavier,Campos,Original Premium Lager,
Maximus,Duffy,Terrapin Wake n Bake,
Leland,Mata,Odell 90 Shilling Ale,
Jasper,Hart,Clown Shoes Undead Party Crasher,
Oliver,Mccall,Firestone Walker Parabola,
Albert,Kraus,Firestone Walker Parabola,
Madelynn,Best,Westbrook Gose,
Raiden,Olson,New Glarus Brewing Serendipity,
Wesley,Krause,Avery Rumpkin,
Patrick,Beard,Dogfish Head 90 Minute IPA,
Jennifer,Nash,Surly Brewing Darkness,
Jason,Kelly,The Alchemist Heady Topper,
Tate,Decker,Hair of the Dog Adam,
Jazlyn,Hicks,Anchor Steam Beer,
Brynlee,Dalton,Ballast Point Sculpin,
Paxton,Walsh,Michelob Golden Draft,
Nora,Townsend,Breckenridge Vanilla Porter,
Gabriel,Burgess,Dark Horse Plead the 5th,
Riley,Hoffman,Funky Buddha Maple Bacon Coffee Porter,
Braylon,Baxter,AleSmith Horny Devil,
Mason,Parsons,Bell’s Hop Slam,
Jordyn,French,The Bruery Saison Rue,
Skylar,Dominguez,Zima Citrus,
Evangeline,Rogers,Southpaw Light,
Emma,Huang,Brooklyn Brewery Lager,
Madeleine,Bender,Goose Island Bourbon County Stout,
Emiliano,Parks,The Alchemist Heady Topper,
Kaden,Santana,Allagash Curieux,
Corbin,Gross,Boulevard Tank 7,
Simon,Cox,Capital Autumnal Fire Doppelbock,
Winston,Martinez,Westbrook Mexican Cake,
Finn,Hess,Great Lakes Edmund Fitzgerald Porter,
William,Sawyer,Great Divide Yeti,
Owen,Hale,Ten Fidy,
Alejandro,Barker,21st Amendment Bitter American,
Ashley,Guerra,Schlafly Pumpkin Ale,
Porter,Dickson,Deschutes Black Butte Porter,
Nash,Simmons,Revolution Anti-Hero IPA,
Melody,Cobb,The Bruery Sans Pagaie,
Ellie,Rubio,Hefeweizen Doppelbock,
Tate,Vang,Haymarket Angry Birds Rye IPA,
Jeremy,Wheeler,Cigar City Hanaphu Imperial Stout,
Jordan,Huff,Victory Prima Pils,
Paisley,Mcmahon,Michelob Amber Bock,
Melody,Cobb,Craftsman Cabernale,
Kamden,Conner,DC Brau On the Wings Of Armageddon,
Zachariah,Greer,21st Amendment Bitter American,
Eduardo,Pearson,Fullsteam Carver,
Jayla,Gould,Capital Autumnal Fire Doppelbock,
Asa,Davidson,Odell 90 Shilling Ale,
Harper,Turner,Lagunitas IPA,
Miriam,Pittman,New Belgium Fat Tire,
Rowen,Bennett,Terrapin Wake n Bake,
Margaret,Mcintyre,Budweiser,
John,Sloan,Lost Abbey Duck Duck Gooze,
Juliette,Mcdonald,Hefeweizen Doppelbock,
Emma,Huang,Hefeweizen,
Isabella,Cervantes,Sauza Diablo,
Scarlet,Rangel,Extra Gold,
Frederick,Macias,Capital Autumnal Fire Doppelbock,
Jordan,Huff,Firestone Walker Wookey Jack,
Knox,Reilly,Bud,
Sydney,Ferrell,Sierra Nevada Bigfoot Barleywine-Style Ale,
Princeton,Stout,Great Divide Yeti,
Allen,Frazier,Capital Autumnal Fire Doppelbock,
Jessica,Tucker,Westbrook Gose,
Leila,Garrison,Lagunitas IPA,
Connor,Reilly,Clown Shoes Undead Party Crasher,
Ariel,Bauer,Firestone Walker Union Jack IPA,
Miracle,Mckay,Brewery Ommegang Three Philosophers,
Vanessa,Franklin,Hair of the Dog Adam,
Beckham,Wright,Blue Moon,
Daniela,Mosley,Sierra Nevada Pale Ale,
Zoey,Riddle,Sierra Nevada Bigfoot Barleywine-Style Ale,
Adelaide,Mckee,Wild Heaven Eschaton,
Raiden,Olson,Firestone Walker Union Jack IPA,
Max,Lawson,Clown Shoes Undead Party Crasher,
Cooper,Hickman,Avery Mephistopheles Stout,
Princeton,Wilson,Cigar City Hanaphu Imperial Stout,
Jason,Fernandez,Green Flash Hop Head Red,
Chandler,Mclean,Cascade Brewing Apricot Ale,
Rhett,Huerta,Cigar City Hanaphu Imperial Stout,
Marley,Montgomery,Firestone Walker Parabola,
Caleb,Mason,Firestone Walker Union Jack IPA,
Nico,Potts,Sauza Diablo,
Ariel,Moore,Extra Gold,
Margot,Chaney,Alpine Great,
Quinn,Greer,Firestone Walker Velvet Merkin,
Holden,Hunter,Craftsman Cabernale,
Lena,Martinez,Firestone Walker Parabola,
Jayceon,Peters,Russian River Blind Pig IPA,
Ismael,Blanchard,Cigar City Hanaphu Imperial Stout,
Raelyn,Leon,Terrapin Wake n Bake,
Kimberly,Crawford,Foothills Brewing Sexual Chocolate,
Gianna,Larsen,21st Amendment Bitter American,
Calvin,Best,ICEHOUSE,
Zane,Lawrence,Revolution Anti-Hero IPA,
Sage,Richmond,Zima,
Zachariah,Greer,Craftsman Cabernale,
Wyatt,Blair,Three Floyds Zombie Dust,
Alyssa,Bautista,Gigantic IPA,
Lucille,Burch,The Alchemist Heady Topper,
Kayleigh,Beard,New Holland Dragon’s Milk,
Brian,Petty,Firestone Walker Velvet Merkin,
Rachel,Herman,Samuel Adams Utopias,
Sarah,Holder,Cigar City Hanaphu Imperial Stout,
Saylor,Morrow,Westbrook Mexican Cake,
Kimberly,Ayala,The Bruery Sans Pagaie,
Ariyah,Peters,Schlafly Pumpkin Ale,
Braelynn,Crawford,Creamy Dark,
Hazel,Avila,Three Floyds Zombie Dust,
Maximiliano,Young,Original Premium,
Hank,Howell,New Belgium Lips of Faith La Folie,
Sabrina,Andersen,Alpine Great,
Leah,Mccoy,The Bruery Sans Pagaie,
Sterling,Murphy,New Glarus Brewing Serendipity,
Esmeralda,Holt,Lost Abbey Duck Duck Gooze,
