BarName,ItemName,Quantity,
33 Taps,onion powder,73,
33 Taps,rose water,105,
33 Taps,pancetta,100,
33 Taps,huckleberries,99,
33 Taps,barley sugar,150,
33 Taps,lentils,158,
33 Taps,pecans,153,
33 Taps,nectarines,192,
33 Taps,bean threads,78,
33 Taps,fish sauce,147,
33 Taps,snow peas,185,
33 Taps,plum tomatoes,54,
33 Taps,capers,133,
33 Taps,apple pie spice,52,
33 Taps,pumpkins,58,
33 Taps,molasses,90,
33 Taps,chives,84,
33 Taps,Havarti cheese,129,
33 Taps,navy beans,147,
33 Taps,cremini mushrooms,93,
A.P. Stump's,prawns,82,
A.P. Stump's,raisins,151,
A.P. Stump's,kidney beans,154,
A.P. Stump's,apricots,194,
A.P. Stump's,ginger ale,69,
A.P. Stump's,hamburger,158,
A.P. Stump's,chocolate,182,
A.P. Stump's,chai,140,
A.P. Stump's,water chestnuts,52,
A.P. Stump's,split peas,110,
A.P. Stump's,parsnips,184,
A.P. Stump's,focaccia,145,
A.P. Stump's,coconuts,103,
A.P. Stump's,chives,143,
A.P. Stump's,red pepper flakes,142,
A.P. Stump's,pig's feet,176,
A.P. Stump's,sauerkraut,178,
Academia,almond milk,50,
Academia,peanut butter,87,
Academia,vanilla milkshake,89,
Academia,snapper,192,
Academia,romaine lettuce,193,
Academia,hoisin sauce,97,
Academia,bourbon,179,
Altitude Sky Lounge,tomatoes,152,
Altitude Sky Lounge,mushrooms,170,
Altitude Sky Lounge,cod,124,
Altitude Sky Lounge,turnips,150,
Altitude Sky Lounge,jicama,135,
Altitude Sky Lounge,ale,174,
Altitude Sky Lounge,gelatin,80,
Altitude Sky Lounge,rhubarb,183,
Altitude Sky Lounge,berries,89,
Altitude Sky Lounge,blackberries,126,
Altitude Sky Lounge,walnuts,97,
Altitude Sky Lounge,coffee,75,
Altitude Sky Lounge,lemon grass,148,
Altitude Sky Lounge,mussels,185,
Altitude Sky Lounge,chicory,171,
Altitude Sky Lounge,veal,186,
Altitude Sky Lounge,cottage cheese,121,
Altitude Sky Lounge,bard,90,
Altitude Sky Lounge,tomato paste,144,
Altitude Sky Lounge,potatoes,176,
Altitude Sky Lounge,ice cream,195,
Altitude Sky Lounge,turkeys,76,
Anvil Bar & Refuge,sage,86,
Anvil Bar & Refuge,heavy cream,76,
Anvil Bar & Refuge,red chile powder,140,
Anvil Bar & Refuge,buckwheat,75,
Anvil Bar & Refuge,sea cucumbers,162,
Anvil Bar & Refuge,bard,63,
Anvil Bar & Refuge,broth,62,
Anvil Bar & Refuge,orange juice,192,
Anvil Bar & Refuge,chocolate,158,
Anvil Bar & Refuge,mackerel,155,
Anvil Bar & Refuge,pine nuts,153,
Anvil Bar & Refuge,flour,191,
Anvil Bar & Refuge,poultry seasoning,75,
Anvil Bar & Refuge,chipotle peppers,155,
Anvil Bar & Refuge,chai,168,
Anvil Bar & Refuge,baking soda,73,
Anvil Bar & Refuge,lamb,126,
Anvil Bar & Refuge,quail,121,
Anvil Bar & Refuge,chicken,195,
Anvil Bar & Refuge,monkfish,56,
Anvil Bar & Refuge,gelatin,178,
Anvil Bar & Refuge,Marsala,195,
Anvil Bar & Refuge,feta cheese,103,
Anvil Bar & Refuge,andouille sausage,61,
Anvil Bar & Refuge,cayenne pepper,141,
Anvil Bar & Refuge,soybeans,161,
Anvil Bar & Refuge,oregano,177,
Anvil Bar & Refuge,cremini mushrooms,142,
Anvil Bar & Refuge,cider,72,
Anvil Bar & Refuge,red cabbage,168,
Anvil Bar & Refuge,okra,80,
Anvil Bar & Refuge,hot chocolate,179,
Anvil Bar & Refuge,pink beans,160,
Anvil Bar & Refuge,ricotta cheese,91,
Anvil Bar & Refuge,dill,185,
Anvil Bar & Refuge,tortillas,88,
Anvil Bar & Refuge,hot sauce,147,
Anvil Bar & Refuge,pumpkin seeds,77,
Anvil Bar & Refuge,milk,137,
Anvil Bar & Refuge,grapes,71,
Anvil Bar & Refuge,artichokes,181,
Anvil Bar & Refuge,chicken liver,175,
Anvil Bar & Refuge,swiss cheese,90,
Attaboy,sardines,125,
Attaboy,peanut butter,192,
Attaboy,barley,177,
Attaboy,sunflower seeds,179,
Attaboy,flour,65,
Attaboy,strawberry milkshake,157,
Attaboy,red cabbage,110,
Attaboy,fennel,83,
Attaboy,raspberries,191,
Attaboy,almond paste,69,
Attaboy,Kahlua,181,
Attaboy,horseradish,171,
Attaboy,barbecue sauce,175,
Attaboy,haddock,191,
Attaboy,cottage cheese,108,
Attaboy,bouillon,52,
Attaboy,bard,65,
Attaboy,croutons,161,
Attaboy,tarragon,70,
Attaboy,cayenne pepper,100,
Attaboy,chives,108,
Attaboy,pomegranates,71,
Attaboy,margarine,182,
Attaboy,olives,55,
Attaboy,tomatoes,139,
Attaboy,remoulade,121,
Attaboy,spaghetti squash,108,
Attaboy,poppy seeds,162,
Attaboy,spinach,143,
Attaboy,cinnamon,148,
Attaboy,coconut water,193,
Attaboy,jelly beans,123,
Attaboy,cream cheese,95,
Attaboy,jack cheese,118,
Attaboy,pheasants,187,
Attaboy,vanilla,108,
Attaboy,chestnuts,148,
Attaboy,tonic water,82,
Attaboy,marshmallows,191,
Attaboy,pears,174,
Attaboy,molasses,57,
Attaboy,peas,153,
Attaboy,lemonade,196,
Attaboy,orange milkshake,104,
Attaboy,cider vinegar,197,
Attaboy,mushrooms,59,
Attaboy,mozzarella,131,
Attaboy,steak,133,
Attaboy,coriander,152,
B.D. Riley's,Cappuccino Latte,160,
B.D. Riley's,unsweetened chocolate,67,
B.D. Riley's,curry leaves,135,
B.D. Riley's,jasmine tea,65,
B.D. Riley's,salmon,87,
B.D. Riley's,ginger,122,
B.D. Riley's,swiss cheese,133,
B.D. Riley's,beer,112,
B.D. Riley's,cashew nut,141,
B.D. Riley's,mustard seeds,114,
B.D. Riley's,flounder,152,
B.D. Riley's,halibut,158,
B.D. Riley's,lemonade,137,
B.D. Riley's,panko bread crumbs,93,
B.D. Riley's,Parmesan cheese,176,
B.D. Riley's,apple pie spice,69,
B.D. Riley's,acorn squash,163,
B.D. Riley's,spaghetti squash,109,
B.D. Riley's,vegemite,156,
B.D. Riley's,prunes,115,
B.D. Riley's,baking soda,54,
B.D. Riley's,okra,59,
B.D. Riley's,chicory,156,
B.D. Riley's,garlic powder,101,
B.D. Riley's,coconut milk,177,
B.D. Riley's,honey,183,
B.D. Riley's,spinach,119,
B.D. Riley's,steak,146,
B.D. Riley's,salsa,121,
B.D. Riley's,strawberries,144,
B.D. Riley's,snap peas,147,
B.D. Riley's,anchovy paste,184,
B.D. Riley's,pheasants,124,
B.D. Riley's,artificial sweetener,148,
B.D. Riley's,ancho chile peppers,64,
B.D. Riley's,cookies,61,
BackBar,Mandarin oranges,130,
BackBar,sweet potatoes,70,
BackBar,eel,139,
BackBar,pico de gallo,200,
BackBar,beets,124,
BackBar,truffles,158,
BackBar,almond paste,148,
BackBar,green onions,129,
BackBar,acai juice,89,
BackBar,rum,133,
BackBar,sauerkraut,192,
BackBar,kombucha,90,
BackBar,artichokes,57,
BackBar,catfish,107,
BackBar,figs,93,
BackBar,coffee,183,
BackBar,chambord,91,
BackBar,couscous,182,
BackBar,potatoes,82,
BackBar,jasmine tea,113,
BackBar,snapper,96,
BackBar,leeks,179,
BackBar,brandy,161,
BackBar,rice paper,74,
BackBar,sweet chili sauce,111,
BackBar,celery,188,
BackBar,Worcestershire sauce,67,
BackBar,romaine lettuce,194,
BackBar,orange peels,162,
BackBar,onions,83,
BackBar,guavas,155,
BackBar,buckwheat,129,
BackBar,basil,127,
BackBar,Irish cream liqueur,50,
BackBar,mesclun greens,195,
BackBar,lemon Peel,83,
BackBar,squid,80,
BackBar,ketchup,191,
BackBar,chestnuts,197,
BackBar,soymilk,86,
BackBar,provolone,84,
Bar Agricole,halibut,94,
Bar Agricole,peaches,91,
Bar Agricole,coconut milk,146,
Bar Agricole,corned beef,126,
Bar Agricole,potatoes,123,
Bar Agricole,orange milkshake,154,
Bar Agricole,leeks,131,
Bar Agricole,guavas,179,
Bar Agricole,cottage cheese,53,
Bar Agricole,avocados,133,
Bar Agricole,corn flour,94,
Bar Agricole,chaurice sausage,180,
Bar Agricole,kombucha,131,
Bar Agricole,pig's feet,197,
Bar Agricole,hazelnuts,156,
Bar Agricole,Cappuccino Latte,55,
Bar Agricole,alfredo sauce,196,
Bar Crudo ,kiwi,188,
Bar Crudo ,cornstarch,166,
Bar Crudo ,soymilk,133,
Bar Crudo ,berries,121,
Bar Crudo ,lemonade,79,
Bar Crudo ,papayas,178,
Bar Crudo ,tarragon,50,
Bar Crudo ,scallops,131,
Bar Crudo ,olive oil,186,
Bar Crudo ,pine nuts,160,
Bar Crudo ,parsnips,127,
Bar Crudo ,white chocolate,140,
Bar Goto,granola,69,
Bar Goto,Irish cream liqueur,78,
Bar Goto,potatoes,191,
Bar Goto,tomato paste,64,
Bar Goto,marshmallows,200,
Bar Goto,pineapple-mango sherbert punch,187,
Bar Goto,clams,123,
Bar Goto,tonic water,126,
Bar Goto,creme fraiche,162,
Bar Goto,sazon,91,
Bar Goto,black-eyed peas,139,
Bar Goto,chicken liver,145,
Bar Goto,sauerkraut,196,
Bar Goto,kidney beans,88,
Bar Goto,sausages,89,
Bar Goto,baking powder,50,
Bar Goto,ham,95,
Bar Goto,rabbits,122,
Bar Goto,sweet peppers,73,
Bar Goto,blue cheese,189,
Bar Goto,tuna,68,
Barnacle Bar,oatmeal,133,
Barnacle Bar,feta cheese,93,
Barnacle Bar,succotash,94,
Barnacle Bar,bacon grease,50,
Barnacle Bar,rhubarb,127,
Barnacle Bar,coca cola,96,
Barnacle Bar,sage,161,
Barnacle Bar,bacon,66,
Barnacle Bar,chickpeas,104,
Barnacle Bar,ale,111,
Barnacle Bar,cooking wine,188,
Barnacle Bar,sugar,174,
Barnacle Bar,sweet chili sauce,82,
Barnacle Bar,baking soda,163,
Barnacle Bar,tortillas,146,
Barnacle Bar,sparkling water,52,
Barnacle Bar,tarragon,63,
Barnacle Bar,acai juice,126,
Barnacle Bar,eggs,109,
Barnacle Bar,sea cucumbers,61,
Barnacle Bar,mustard,82,
Barnacle Bar,white beans,67,
Barnacle Bar,vegemite,68,
Barnacle Bar,peas,54,
Barnacle Bar,brandy,161,
Beach Tree Bar,asiago cheese,190,
Beach Tree Bar,bean sauce,86,
Beach Tree Bar,prawns,50,
Beach Tree Bar,snap peas,138,
Beach Tree Bar,rhubarb,124,
Beach Tree Bar,mesclun greens,64,
Beach Tree Bar,steak,51,
Beach Tree Bar,plum tomatoes,157,
Beach Tree Bar,basil,159,
Beach Tree Bar,geese,158,
Beach Tree Bar,olives,71,
Beach Tree Bar,anchovies,166,
Beach Tree Bar,chaurice sausage,54,
Beach Tree Bar,onions,54,
Beach Tree Bar,peanut butter,116,
Beach Tree Bar,yogurt,148,
Beach Tree Bar,trout,155,
Beach Tree Bar,moo shu wrappers,70,
Beach Tree Bar,ricotta cheese,108,
Beach Tree Bar,date sugar,193,
Beach Tree Bar,blackberries,150,
Beach Tree Bar,mushrooms,170,
Beach Tree Bar,duck,146,
Beach Tree Bar,oatmeal,59,
Beach Tree Bar,oregano,173,
Beach Tree Bar,jelly beans,75,
Beach Tree Bar,unsweetened chocolate,160,
Beach Tree Bar,Romano cheese,171,
Big Bar,earl gray's tea,195,
Big Bar,curry paste,69,
Big Bar,lima beans,147,
Big Bar,salt,72,
Big Bar,jelly beans,89,
Big Bar,rabbits,74,
Big Bar,almond paste,182,
Big Bar,breadcrumbs,184,
Big Bar,dates,73,
Big Bar,ancho chile peppers,117,
Big Bar,mustard,90,
Big Bar,crabs,79,
Big Bar,orange juice,162,
Big Bar,chicory,141,
Big Bar,pink beans,59,
Big Bar,beans,124,
Big Bar,red snapper,81,
Big Bar,chocolate milkshake,161,
Big Bar,sparkling water,62,
Big Bar,almond milk,153,
Big Bar,borscht,78,
Big Bar,sweet chili sauce,107,
Big Bar,soybeans,91,
Big Bar,water,77,
Big Bar,passion fruit,184,
Big Bar,raspberries,84,
Big Bar,red cabbage,160,
Big Bar,leeks,116,
Billy Sunday,red chile powder,107,
Billy Sunday,papayas,181,
Billy Sunday,swiss cheese,177,
Billy Sunday,tea,91,
Billy Sunday,sparkling water,109,
Billy Sunday,celery seeds,159,
Billy Sunday,halibut,116,
Billy Sunday,turtle,111,
Billy Sunday,dr. pepper,64,
Billy Sunday,amaretto,60,
Billy Sunday,peas,126,
Billy Sunday,okra,81,
Billy Sunday,sugar,57,
Billy Sunday,rice vinegar,108,
Billy Sunday,pig's feet,188,
Billy Sunday,red beans,81,
Billy Sunday,alfredo sauce,145,
Billy Sunday,sweet chili sauce,125,
Billy Sunday,molasses,76,
Billy Sunday,watermelons,199,
Billy Sunday,tomato puree,159,
Billy Sunday,ginger ale,85,
Billy Sunday,vermouth,60,
Billy Sunday,habanero chilies,82,
Billy Sunday,alligator,52,
Billy Sunday,olives,152,
Billy Sunday,bard,80,
Billy Sunday,avocados,170,
Billy Sunday,pancetta,151,
Billy Sunday,passion fruit,57,
Billy Sunday,dried leeks,63,
Billy Sunday,pomegranates,127,
Billy Sunday,mascarpone,108,
Billy Sunday,Parmesan cheese,167,
Billy Sunday,panko bread crumbs,191,
Billy Sunday,scallops,150,
Billy Sunday,macaroni,77,
Billy Sunday,steak,53,
Billy Sunday,artichokes,151,
Billy Sunday,sauerkraut,178,
Billy Sunday,hash browns,105,
Billy Sunday,french fries,78,
Billy Sunday,black-eyed peas,192,
Billy Sunday,turnips,138,
Billy Sunday,English muffins,73,
Bit House Saloon,wild rice,167,
Bit House Saloon,artificial sweetener,110,
Bit House Saloon,cream of tartar,129,
Bit House Saloon,kidney beans,158,
Bit House Saloon,green tea,68,
Bit House Saloon,thyme,195,
Bit House Saloon,chipotle peppers,139,
Bit House Saloon,lemon Peel,109,
Bit House Saloon,ricotta cheese,75,
Bit House Saloon,artichokes,189,
Bit House Saloon,peanuts,196,
Bit House Saloon,bean sprouts,190,
Bit House Saloon,ginger ale,60,
Bit House Saloon,Kahlua,50,
Bit House Saloon,tomatoes,117,
Bit House Saloon,avocados,186,
Bit House Saloon,brandy,195,
Bit House Saloon,ice cream,150,
Bit House Saloon,croutons,185,
Bit House Saloon,bass,184,
Bit House Saloon,dr. pepper,158,
Bit House Saloon,almond milk,80,
Bit House Saloon,turnips,146,
Bit House Saloon,watermelons,52,
Bit House Saloon,Marsala,60,
Bit House Saloon,aioli,181,
Bit House Saloon,navy beans,150,
Bit House Saloon,marmalade,186,
Bit House Saloon,rabbits,104,
Bit House Saloon,macaroni,69,
Bit House Saloon,plantains,94,
Bit House Saloon,anchovy paste,83,
Bit House Saloon,vanilla bean,62,
Bit House Saloon,nectarines,106,
Bit House Saloon,mushrooms,189,
Bit House Saloon,shitakes,189,
Bit House Saloon,broccoli,117,
BlackTail,coconuts,152,
BlackTail,mesclun greens,83,
BlackTail,sunflower seeds,130,
BlackTail,applesauce,124,
BlackTail,tofu,151,
BlackTail,margarine,147,
BlackTail,rice paper,184,
BlackTail,cranberry juice,109,
BlackTail,milk,94,
BlackTail,sweet peppers,58,
BlackTail,custard,162,
BlackTail,lemonade,89,
BlackTail,Mandarin oranges,62,
BlackTail,zinfandel wine,176,
BlackTail,basil,174,
BlackTail,dr. pepper,200,
BlackTail,vinegar,84,
BlackTail,peas,99,
Blackberry Farm,snapper,51,
Blackberry Farm,orange juice,136,
Blackberry Farm,rice vinegar,142,
Blackberry Farm,watermelons,58,
Blackberry Farm,oatmeal,130,
Blackberry Farm,liver,192,
Blackberry Farm,skim milk,167,
Blackberry Farm,gelatin,105,
Blackberry Farm,ale,58,
Blackberry Farm,sauerkraut,88,
Blackberry Farm,turkeys,91,
Blackberry Farm,bean sprouts,88,
Blackberry Farm,pepper,58,
Blackberry Farm,cayenne pepper,192,
Blue Angel,chili sauce,165,
Blue Angel,cottage cheese,156,
Blue Angel,curry powder,157,
Blue Angel,pistachios,62,
Blue Angel,sea cucumbers,178,
Blue Angel,ginger,80,
Blue Angel,cloves,72,
Blue Angel,basil,54,
Blue Angel,brown sugar,155,
Blue Angel,lobsters,148,
Blue Angel,portabella mushrooms,129,
Blue Angel,provolone,120,
Blue Angel,tomato paste,135,
Blue Angel,gorgonzola,89,
Blue Angel,tomato sauce,51,
Blue Angel,rice wine,74,
Blue Angel,wine vinegar,92,
Blue Angel,broth,138,
Blue Angel,vermouth,151,
Blue Angel,jack cheese,157,
Blue Angel,pesto,184,
Blue Angel,cooking wine,57,
Blue Angel,olive oil,159,
Blue Angel,pomegranates,187,
Blue Angel,dill,86,
Blue Angel,curry leaves,86,
Blue Angel,salt,197,
Blue Angel,habanero chilies,85,
Blue Angel,cream,188,
Blue Angel,garlic powder,79,
Blue Angel,scallops,155,
Blue Angel,creme fraiche,70,
Blue Angel,fish sauce,147,
Blue Angel,acorn squash,150,
Blue Tattoo,garlic powder,162,
Blue Tattoo,chicken liver,148,
Blue Tattoo,earl gray's tea,162,
Blue Tattoo,melons,56,
Blue Tattoo,curry leaves,97,
Blue Tattoo,avocados,93,
Blue Tattoo,corn,176,
Blue Tattoo,oregano,194,
Blue Tattoo,tarragon,61,
Blue Tattoo,shitakes,57,
Blue Tattoo,baking soda,147,
Blue Tattoo,mayonnaise,181,
Blue Tattoo,plantains,189,
Blue Tattoo,mustard,182,
Blue Tattoo,ketchup,133,
Blue Tattoo,kombucha,53,
Blue Tattoo,split peas,103,
Blue Tattoo,borscht,164,
Blue Tattoo,pheasants,133,
Blue Tattoo,mint milkshake,127,
Blue Tattoo,sazon,103,
Blue Tattoo,date sugar,136,
Blue Tattoo,cranberries,143,
Blue Tattoo,black olives,144,
Blue Tattoo,raspberries,51,
Blue Tattoo,tomato paste,186,
Blue Tattoo,tomato sauce,116,
Blue Tattoo,alfredo sauce,82,
Blue Tattoo,catfish,143,
Blue Tattoo,poppy seeds,113,
Blue Tattoo,andouille sausage,107,
Blue Tattoo,lobsters,169,
Blue Tattoo,maple syrup,175,
Blue Tattoo,ale,129,
Blue Tattoo,mustard seeds,159,
Blue Tattoo,white beans,182,
Blue Tattoo,brown sugar,64,
Blue Tattoo,salmon,181,
Blue Tattoo,pink beans,51,
Blue Tattoo,powdered sugar,136,
Blue Tattoo,peaches,109,
Britannia Arms,powdered sugar,64,
Britannia Arms,maraschino cherries,165,
Britannia Arms,pepper,61,
Britannia Arms,Cappuccino Latte,125,
Britannia Arms,garlic powder,86,
Britannia Arms,green beans,74,
Britannia Arms,tomato juice,59,
Britannia Arms,snap peas,96,
Britannia Arms,turtle,55,
Britannia Arms,cucumbers,132,
Britannia Arms,water,134,
Britannia Arms,gouda,158,
Britannia Arms,arugula,153,
Britannia Arms,chestnuts,193,
Britannia Arms,skim milk,122,
Britannia Arms,coriander,175,
Britannia Arms,chili sauce,142,
Britannia Arms,pesto,77,
Britannia Arms,berries,187,
Britannia Arms,peas,152,
Britannia Arms,couscous,125,
Britannia Arms,Kahlua,110,
Britannia Arms,cocoa powder,159,
Britannia Arms,green tea,153,
Britannia Arms,Worcestershire sauce,103,
Britannia Arms,honeydew melons,138,
Britannia Arms,corn syrup,59,
Britannia Arms,squash,157,
Britannia Arms,salmon,54,
Britannia Arms,blueberries,189,
Britannia Arms,cantaloupes,115,
Britannia Arms,cabbage,114,
Broken Shaker,alligator,159,
Broken Shaker,chives,82,
Broken Shaker,adobo,79,
Broken Shaker,split peas,149,
Broken Shaker,mayonnaise,70,
Broken Shaker,tomato juice,199,
Broken Shaker,soymilk,152,
Broken Shaker,won ton skins,74,
Broken Shaker,squash,152,
Broken Shaker,green tea,156,
Broken Shaker,five-spice powder,167,
Broken Shaker,mussels,189,
Broken Shaker,sugar,171,
Broken Shaker,sushi,120,
Broken Shaker,curry powder,121,
Broken Shaker,Havarti cheese,63,
Broken Shaker,steak,187,
Broken Shaker,horseradish,60,
Broken Shaker,chicory,191,
Broken Shaker,spearmint,76,
Broken Shaker,cantaloupes,85,
Broken Shaker,ale,142,
Broken Shaker,pinto beans,178,
Broken Shaker,baguette,173,
Broken Shaker,breadfruit,126,
Broken Shaker,tarragon,65,
Broken Shaker,guavas,68,
Cabana,mascarpone,91,
Cabana,trout,54,
Cabana,sparkling water,64,
Cabana,cabbage,121,
Cabana,powdered sugar,147,
Cabana,sherry,99,
Cabana,cauliflower,54,
Cabana,date sugar,192,
Cabana,rice wine,142,
Cabana,vermouth,107,
Cabana,turnips,127,
Cabana,Havarti cheese,167,
Cabana,plum tomatoes,168,
Cabana,cream of tartar,191,
Cannon,spinach,97,
Cannon,mint,104,
Cannon,coconuts,177,
Cannon,asparagus,82,
Cannon,duck,67,
Cannon,rum,146,
Cannon,sushi,86,
Cannon,aquavit,158,
Cannon,pesto,142,
Cannon,tonic water,163,
Cannon,margarine,139,
Cannon,bay leaves,102,
Cannon,carrots,148,
Cannon,sweet chili sauce,133,
Cannon,sage,61,
Cannon,quail,62,
Cannon,chili sauce,163,
Cannon,Cappuccino Latte,165,
Cannon,lemon Peel,91,
Cannon,onions,104,
Cannon,marmalade,57,
Cannon,summer squash,166,
Cannon,anchovies,194,
Cannon,parsnips,119,
Cannon,turkeys,197,
Cannon,curry powder,151,
Caravan,sunflower seeds,129,
Caravan,brussels sprouts,185,
Caravan,orange peels,66,
Caravan,crabs,120,
Caravan,fennel,71,
Caravan,maraschino cherries,138,
Caravan,ketchup,195,
Caravan,cod,105,
Caravan,mustard seeds,106,
Caravan,pesto,164,
Caravan,maple syrup,131,
Caravan,buttermilk,77,
Caravan,custard,153,
Charlie Was A Sinner,pepsi,188,
Charlie Was A Sinner,plantains,188,
Charlie Was A Sinner,bass,140,
Charlie Was A Sinner,curry powder,103,
Charlie Was A Sinner,maple syrup,177,
Charlie Was A Sinner,eggplants,160,
Charlie Was A Sinner,red snapper,146,
Charlie Was A Sinner,wine,153,
Charlie Was A Sinner,orange milkshake,59,
Charlie Was A Sinner,green tea,50,
Charlie Was A Sinner,cornstarch,197,
Charlie Was A Sinner,coriander,173,
Charlie Was A Sinner,bard,150,
Charlie Was A Sinner,french fries,79,
Charlie Was A Sinner,artichokes,148,
Charlie Was A Sinner,lemon juice,184,
Charlie Was A Sinner,pheasants,91,
Charlie Was A Sinner,pepper,65,
Charlie Was A Sinner,pig's feet,188,
Charlie Was A Sinner,marmalade,162,
Charlie Was A Sinner,hot chocolate,182,
Charlie Was A Sinner,caviar,183,
Charlie Was A Sinner,parsnips,170,
Charlie Was A Sinner,spearmint,119,
Charlie Was A Sinner,gorgonzola,191,
Charlie Was A Sinner,lima beans,109,
Charlie Was A Sinner,pancetta,184,
Charlie Was A Sinner,moo shu wrappers,152,
Charlie Was A Sinner,pico de gallo,118,
Charlie Was A Sinner,passion fruit,73,
Charlie Was A Sinner,chives,78,
Charlie Was A Sinner,crayfish,196,
Clover Club,paprika,184,
Clover Club,romaine lettuce,109,
Clover Club,corned beef,81,
Clover Club,sardines,158,
Clover Club,ale,111,
Clover Club,pea beans,98,
Clover Club,plum tomatoes,95,
Clover Club,caviar,178,
Clover Club,swordfish,194,
Clover Club,onion powder,82,
Clover Club,bagels,153,
Clover Club,cod,166,
Club 175,octopus,81,
Club 175,hazelnuts,176,
Club 175,snap peas,113,
Club 175,pinto beans,65,
Club 175,beef,177,
Club 175,navy beans,157,
Club 175,jack cheese,121,
Club 175,poppy seeds,87,
Club 175,watermelons,108,
Club 175,tomato puree,62,
Club 175,figs,161,
Club 175,poultry seasoning,147,
Club 175,balsamic vinegar,113,
Club 175,sushi,115,
Club 175,flounder,130,
Club 175,sea cucumbers,136,
Club 175,tonic water,131,
Club 175,dried leeks,134,
Club 175,ice cream,173,
Club 175,bean threads,153,
Club 175,thyme,69,
Club 175,rice,79,
Club 175,maple syrup,50,
Club 175,chard,110,
Club 175,pecans,58,
Club 175,coriander,121,
Club 175,Parmesan cheese,162,
Club 175,Mandarin oranges,105,
Club 175,curry leaves,142,
Club 175,ale,109,
Club 175,lemonade,69,
Club 175,blue cheese,140,
Club 175,/usr/local/bin/python3.6 "/Users/forrest/Documents/School/03-01/Prin Info/Project 2/Population/Combine4.py",145,
Club 175,chili sauce,119,
Club 175,white chocolate,92,
Club 175,coconut water,171,
Club 175,cornmeal,68,
Club 175,parsnips,145,
Club 175,pumpkin seeds,138,
Club 175,white beans,100,
Club 175,rose water,144,
Club 175,crabs,196,
Club 175,water,86,
Club 175,squid,193,
Club 175,snow peas,62,
Club 175,parsley,168,
Club 175,adobo,160,
Club 175,grits,129,
Club 175,kidney beans,95,
Club No Minors,almond extract,70,
Club No Minors,custard,200,
Club No Minors,grouper,174,
Club No Minors,paprika,77,
Club No Minors,mozzarella,189,
Club No Minors,oatmeal,52,
Club No Minors,pineapple-mango sherbert punch,124,
Club No Minors,red pepper flakes,111,
Club No Minors,apple butter,190,
Club No Minors,swiss cheese,110,
Club No Minors,pinto beans,131,
Club No Minors,ramune,66,
Club No Minors,sage,57,
Club No Minors,bass,70,
Club No Minors,cranberries,130,
Club No Minors,green beans,127,
Club No Minors,buttermilk,169,
Club No Minors,date sugar,190,
Club No Minors,catfish,100,
Club No Minors,tomatoes,88,
Club No Minors,water,178,
Club No Minors,cherries,63,
Club No Minors,split peas,64,
Clyde Common,poultry seasoning,117,
Clyde Common,potato chips,127,
Clyde Common,shallots,98,
Clyde Common,ginger,120,
Clyde Common,spaghetti squash,54,
Clyde Common,bananas,185,
Clyde Common,gouda,143,
Coconut Willie's Cocktail Lounge,maraschino cherries,109,
Coconut Willie's Cocktail Lounge,blueberries,75,
Coconut Willie's Cocktail Lounge,lobsters,102,
Coconut Willie's Cocktail Lounge,hamburger,133,
Coconut Willie's Cocktail Lounge,rice paper,164,
Coconut Willie's Cocktail Lounge,turkeys,59,
Dante,artificial sweetener,90,
Dante,paprika,61,
Dante,Cappuccino Latte,186,
Dante,beets,170,
Dante,pepsi,180,
Dante,curry paste,187,
Dante,peanut butter,63,
Dante,lemonade,153,
Dante,strawberries,69,
Dante,split peas,66,
Dante,leeks,128,
Dante,plums,76,
Dante,corned beef,91,
Dante,red cabbage,63,
Dante,pine nuts,69,
Dante,dates,150,
Dante,crayfish,58,
Dante,cantaloupes,115,
Dante,bacon,105,
Dante,hoisin sauce,123,
Dante,half-and-half,180,
Dante,corn flour,63,
Dante,brandy,100,
Dante,snap peas,175,
Dante,bouillon,122,
Dante,pesto,186,
Dante,rice,154,
Dante,lobsters,175,
Dante,eggs,83,
Dante,clams,181,
Daquiri Time Out,olives,139,
Daquiri Time Out,gorgonzola,154,
Daquiri Time Out,Goji berry,118,
Daquiri Time Out,Canadian bacon,151,
Daquiri Time Out,gouda,108,
Daquiri Time Out,cream,152,
Daquiri Time Out,ricotta cheese,173,
Daquiri Time Out,sweet chili sauce,166,
Daquiri Time Out,sage,142,
Daquiri Time Out,andouille sausage,134,
Daquiri Time Out,orange milkshake,86,
Daquiri Time Out,snow peas,199,
Daquiri Time Out,radishes,176,
Daquiri Time Out,balsamic vinegar,173,
Daquiri Time Out,baking powder,180,
Daquiri Time Out,bean sprouts,83,
Death + Company,pinto beans,182,
Death + Company,blue cheese,167,
Death + Company,chaurice sausage,56,
Death + Company,coconut milk,140,
Death + Company,grapefruits,151,
Death + Company,passion fruit,86,
Death + Company,kumquats,149,
Death + Company,turnips,192,
Death + Company,pepsi,115,
Death + Company,catfish,93,
Death + Company,ketchup,160,
Death + Company,black beans,192,
Death + Company,papayas,198,
Diamond Reef,mushrooms,183,
Diamond Reef,broccoli raab,187,
Diamond Reef,asparagus,177,
Diamond Reef,lettuce,188,
Diamond Reef,succotash,66,
Diamond Reef,marshmallows,96,
Diamond Reef,cucumbers,51,
Diamond Reef,orange juice,70,
Diamond Reef,wasabi,122,
Diamond Reef,tomato sauce,79,
Diamond Reef,fennel seeds,157,
Diamond Reef,bass,55,
Diamond Reef,tomatoes,82,
Diamond Reef,acai juice,183,
Diamond Reef,sardines,111,
Diamond Reef,chili sauce,79,
Diamond Reef,cream,65,
Diamond Reef,earl gray's tea,60,
Diamond Reef,kidney beans,108,
Diamond Reef,onions,54,
Distil,bean sauce,131,
Distil,duck,162,
Distil,jelly beans,101,
Distil,fanta,138,
Distil,flax seed,123,
Distil,rum,165,
Distil,romaine lettuce,129,
Distil,powdered sugar,184,
Distil,tomatoes,166,
Distil,coconut milk,194,
Distil,English muffins,94,
Distil,condensed milk,122,
Distil,lima beans,191,
Distil,ice cream,128,
Donna,sweet potatoes,74,
Donna,bananas,158,
Donna,salsa,91,
Donna,green beans,141,
Donna,clams,168,
Donna,strawberry milkshake,150,
Donna,coca cola,94,
Donna,bean sprouts,83,
Donna,corned beef,178,
Donna,almond paste,164,
Donna,poultry seasoning,86,
Donna,aioli,50,
Donna,honey,64,
Donna,pesto,144,
Donna,almond milk,139,
Donna,maraschino cherries,149,
Donna,lemon Peel,138,
Donna,colby cheese,194,
Dram & Grain,red cabbage,169,
Dram & Grain,figs,186,
Dram & Grain,cherries,145,
Dram & Grain,skim milk,156,
Dram & Grain,catfish,60,
Dram & Grain,brown rice,138,
Dram & Grain,anchovy paste,89,
Dram & Grain,brussels sprouts,90,
Dram & Grain,hoisin sauce,162,
Dram & Grain,mozzarella,59,
Dram & Grain,tonic water,195,
Dram & Grain,lemonade,143,
Dram & Grain,salt,80,
Dram & Grain,veal,106,
Dram & Grain,sesame seeds,111,
Dram & Grain,margarine,106,
Dram & Grain,eel,82,
Dram & Grain,fennel,75,
Dutch Kills,cactus,55,
Dutch Kills,mushrooms,57,
Dutch Kills,strawberry milkshake,184,
Dutch Kills,swiss cheese,80,
Dutch Kills,tea,83,
Dutch Kills,/usr/local/bin/python3.6 "/Users/forrest/Documents/School/03-01/Prin Info/Project 2/Population/Combine4.py",185,
Dutch Kills,coffee,75,
Dutch Kills,brown rice,97,
Dutch Kills,adobo,80,
Employees Only,coriander,82,
Employees Only,marshmallows,186,
Employees Only,carrots,112,
Employees Only,beer,54,
Employees Only,flax seed,68,
Employees Only,arugula,131,
Employees Only,pickles,150,
Employees Only,croutons,92,
Employees Only,rice,115,
Employees Only,caviar,166,
Employees Only,zest,120,
Employees Only,broccoli raab,103,
Employees Only,jasmine tea,67,
Employees Only,turkeys,58,
Employees Only,lentils,139,
Employees Only,thyme,66,
Employees Only,mozzarella,68,
Employees Only,split peas,123,
Employees Only,almond milk,130,
Employees Only,apples,197,
Employees Only,bagels,83,
Employees Only,pears,156,
Employees Only,/usr/local/bin/python3.6 "/Users/forrest/Documents/School/03-01/Prin Info/Project 2/Population/Combine4.py",60,
Employees Only,papayas,94,
Employees Only,eggs,105,
Employees Only,sweet potatoes,108,
Employees Only,peaches,120,
Employees Only,tomato juice,67,
Employees Only,cookies,194,
Employees Only,colby cheese,138,
Employees Only,honeydew melons,187,
Employees Only,yogurt,70,
Employees Only,feta cheese,151,
Employees Only,earl gray's tea,139,
Employees Only,five-spice powder,109,
Eulipia,dr. pepper,52,
Eulipia,provolone,78,
Eulipia,ricotta cheese,155,
Eulipia,cauliflower,107,
Eulipia,marmalade,89,
Eulipia,rabbits,100,
Eulipia,lemons,50,
Eulipia,tortillas,154,
Eulipia,tomato juice,154,
Eulipia,ginger ale,70,
Eulipia,okra,156,
Eulipia,croutons,153,
Eulipia,baking soda,198,
Eulipia,peanut butter,162,
Eulipia,brussels sprouts,150,
Eulipia,guavas,185,
Eulipia,rice wine,85,
Eulipia,won ton skins,154,
Eulipia,ketchup,102,
Eulipia,couscous,146,
Eulipia,cayenne pepper,57,
Eulipia,chipotle peppers,137,
Eulipia,blueberries,165,
Eulipia,parsnips,166,
Eulipia,brandy,63,
Eulipia,avocados,175,
Eulipia,fennel seeds,142,
Eulipia,coconut oil,182,
Eulipia,alfredo sauce,186,
Eulipia,lemon Peel,109,
Eulipia,margarine,177,
Eulipia,turnips,195,
Eulipia,huckleberries,125,
Eulipia,cilantro,76,
Eulipia,green onions,81,
Eulipia,chicory,81,
Eulipia,pepsi,175,
Eulipia,tomato paste,82,
Eulipia,tuna,125,
Eulipia,raspberries,109,
Eulipia,habanero chilies,109,
Eulipia,fish sauce,58,
Everson Royce Bar,green tea,174,
Everson Royce Bar,chard,130,
Everson Royce Bar,tomato juice,55,
Everson Royce Bar,red cabbage,106,
Everson Royce Bar,vegemite,126,
Everson Royce Bar,squash,96,
Everson Royce Bar,almond milk,52,
Everson Royce Bar,andouille sausage,96,
Everson Royce Bar,chicory,71,
Everson Royce Bar,coca cola,151,
Everson Royce Bar,rice vinegar,158,
Everson Royce Bar,pistachios,56,
Everson Royce Bar,swiss cheese,152,
Everson Royce Bar,barbecue sauce,193,
Everson Royce Bar,summer squash,192,
Everson Royce Bar,okra,141,
Everson Royce Bar,trout,162,
Everson Royce Bar,veal,146,
Everson Royce Bar,snap peas,165,
Everson Royce Bar,pheasants,88,
Everson Royce Bar,borscht,54,
Everson Royce Bar,tomatoes,141,
French 75,buckwheat,73,
French 75,pork,57,
French 75,strawberry milkshake,192,
French 75,sardines,102,
French 75,alligator,99,
French 75,canola oil,103,
French 75,almond milk,132,
French 75,curry leaves,159,
French 75,rosemary,103,
French 75,cashew nut,138,
French 75,allspice,128,
French 75,black-eyed peas,71,
French 75,lima beans,105,
French 75,corn syrup,183,
French 75,veal,76,
French 75,tomatoes,104,
French 75,chipotle peppers,70,
French 75,salt,95,
French 75,apple pie spice,116,
French 75,corn flour,74,
French 75,cinnamon,92,
French 75,berries,118,
French 75,bagels,161,
French 75,pesto,61,
French 75,cranberries,119,
French 75,baguette,164,
French 75,marmalade,124,
French 75,apple butter,77,
French 75,blue cheese,76,
French 75,raw sugar,79,
French 75,mushrooms,136,
French 75,chives,174,
French 75,crabs,108,
French 75,spearmint,93,
French 75,rice paper,96,
French 75,celery,140,
French 75,grapefruits,132,
French 75,peas,100,
French 75,provolone,146,
French 75,sweet peppers,128,
French 75,portabella mushrooms,174,
French 75,tortillas,194,
French 75,bouillon,66,
French 75,coca cola,62,
Galaxie,Marsala,180,
Galaxie,navy beans,158,
Galaxie,oranges,75,
Galaxie,hamburger,131,
Galaxie,chicken liver,83,
Galaxie,olive oil,54,
Galaxie,cookies,176,
Galaxie,trout,137,
Galaxie,huckleberries,81,
Galaxie,dill,60,
Galaxie,thyme,67,
Galaxie,anchovies,191,
Galaxie,cremini mushrooms,173,
Galaxie,shitakes,109,
Galaxie,bacon grease,131,
Galaxie,Tabasco sauce,109,
Galaxie,coconut milk,67,
Galaxie,barbecue sauce,85,
Galaxie,angelica,95,
Galaxie,salsa,137,
Galaxie,prawns,189,
Galaxie,crabs,86,
Galaxie,summer squash,184,
Galaxie,broccoli,151,
Galaxie,custard,189,
Galaxie,figs,115,
Galaxie,panko bread crumbs,199,
Galaxie,red beans,65,
Galaxie,cornstarch,142,
Galaxie,tomato sauce,116,
Galaxie,white beans,75,
Galaxie,feta cheese,192,
Galaxie,basil,180,
Galaxie,almonds,108,
Galaxie,cider,64,
Gecko Grill,marmalade,156,
Gecko Grill,cider vinegar,109,
Gecko Grill,fanta,112,
Gecko Grill,cloves,54,
Gecko Grill,pecans,183,
Gecko Grill,date sugar,59,
Gecko Grill,peaches,142,
Gecko Grill,cocoa powder,150,
Gecko Grill,mascarpone,189,
Gecko Grill,wine vinegar,145,
Gecko Grill,eggplants,121,
Gecko Grill,asiago cheese,64,
Gecko Grill,creme fraiche,93,
Gecko Grill,sea cucumbers,91,
Gecko Grill,rabbits,125,
Gecko Grill,white beans,185,
Gecko Grill,zest,55,
Gecko Grill,chili sauce,174,
Gecko Grill,beer,71,
Gecko Grill,peanut butter,194,
Gecko Grill,cremini mushrooms,96,
Gecko Grill,carrots,126,
Gecko Grill,berries,179,
Gecko Grill,dr. pepper,121,
Gecko Grill,coconut water,103,
Gecko Grill,snow peas,137,
Gecko Grill,wasabi,163,
Gecko Grill,orange juice,143,
Gecko Grill,pepsi,188,
Gecko Grill,tomato paste,84,
Gecko Grill,plantains,95,
Gecko Grill,salsa,120,
Gecko Grill,swordfish,74,
Gecko Grill,summer squash,144,
Gecko Grill,white chocolate,112,
Gecko Grill,lima beans,104,
Gecko Grill,pork,103,
Gecko Grill,shitakes,197,
Gecko Grill,granola,182,
Gecko Grill,water,107,
Gecko Grill,beans,61,
Gecko Grill,crabs,146,
Gecko Grill,Kahlua,90,
Gecko Grill,monkfish,106,
Gecko Grill,ramune,124,
Gecko Grill,pink beans,66,
Gecko Grill,plums,197,
Gecko Grill,lamb,53,
Gecko Grill,horseradish,118,
George & Dragon,adobo,189,
George & Dragon,ale,174,
George & Dragon,garlic powder,96,
George & Dragon,maple syrup,179,
George & Dragon,aquavit,125,
George & Dragon,basil,130,
George & Dragon,plums,159,
George & Dragon,chard,90,
George & Dragon,chambord,68,
George & Dragon,salmon,102,
George & Dragon,apple pie spice,175,
George & Dragon,cloves,91,
George & Dragon,hot chocolate,199,
George & Dragon,parsley,95,
George & Dragon,chickpeas,94,
George & Dragon,pomegranates,172,
George & Dragon,chipotle peppers,182,
Giza Hookah Lounge,won ton skins,162,
Giza Hookah Lounge,ancho chile peppers,81,
Giza Hookah Lounge,cherries,165,
Giza Hookah Lounge,pico de gallo,161,
Giza Hookah Lounge,sausages,52,
Giza Hookah Lounge,white beans,94,
Giza Hookah Lounge,trout,54,
Giza Hookah Lounge,corned beef,152,
Giza Hookah Lounge,plum tomatoes,103,
Goodnight Gracie Jazz & Martini Bar,portabella mushrooms,51,
Goodnight Gracie Jazz & Martini Bar,truffles,75,
Goodnight Gracie Jazz & Martini Bar,brown rice,128,
Goodnight Gracie Jazz & Martini Bar,baguette,185,
Goodnight Gracie Jazz & Martini Bar,macaroni,153,
Goodnight Gracie Jazz & Martini Bar,pepper,70,
Goodnight Gracie Jazz & Martini Bar,kale,181,
Goodnight Gracie Jazz & Martini Bar,raisins,62,
Goodnight Gracie Jazz & Martini Bar,jasmine tea,181,
Goodnight Gracie Jazz & Martini Bar,coconuts,121,
Goodnight Gracie Jazz & Martini Bar,Parmesan cheese,103,
Goodnight Gracie Jazz & Martini Bar,tomato paste,127,
Goodnight Gracie Jazz & Martini Bar,brandy,192,
Goodnight Gracie Jazz & Martini Bar,Canadian bacon,198,
Goodnight Gracie Jazz & Martini Bar,chai,175,
Goodnight Gracie Jazz & Martini Bar,ricotta cheese,87,
Goodnight Gracie Jazz & Martini Bar,squid,159,
Goodnight Gracie Jazz & Martini Bar,honeydew melons,127,
Goodnight Gracie Jazz & Martini Bar,pomegranates,102,
Goodnight Gracie Jazz & Martini Bar,asparagus,137,
Half Step,bean sprouts,93,
Half Step,yogurt,119,
Half Step,cinnamon,90,
Half Step,melons,155,
Half Step,moo shu wrappers,172,
Half Step,bouillon,95,
Half Step,Havarti cheese,53,
Half Step,walnuts,160,
Half Step,cheddar cheese,85,
Half Step,cream of tartar,64,
Half Step,brown sugar,160,
Half Step,half-and-half,130,
Half Step,bok choy,134,
Half Step,coconut milk,95,
Half Step,zest,98,
Half Step,mustard seeds,86,
Half Step,rose water,153,
Half Step,shrimp,88,
Half Step,cauliflower,184,
Half Step,rabbits,57,
Half Step,beets,134,
Half Step,pumpkins,173,
Half Step,french fries,190,
Half Step,garlic,51,
Half Step,navy beans,190,
Half Step,chai,128,
Half Step,eggs,93,
Half Step,tuna,86,
Half Step,white beans,114,
Half Step,amaretto,179,
Half Step,barbecue sauce,129,
Half Step,crabs,114,
Half Step,cilantro,53,
Half Step,bananas,166,
Half Step,lettuce,118,
Half Step,artificial sweetener,159,
Half Step,haddock,108,
Half Step,thyme,193,
Half Step,mushrooms,136,
Half Step,baking soda,79,
Half Step,wine,195,
Half Step,orange peels,87,
Half Step,sausages,125,
Half Step,black olives,176,
Half Step,avocados,97,
Hedley Club,plums,75,
Hedley Club,butter,172,
Hedley Club,kiwi,122,
Hedley Club,pepper,140,
Hedley Club,maraschino cherries,170,
Hedley Club,barbecue sauce,71,
Hedley Club,snow peas,141,
Hedley Club,radishes,155,
Hedley Club,aioli,145,
Hedley Club,wine vinegar,191,
Hedley Club,feta cheese,183,
Hedley Club,okra,93,
Hedley Club,apple pie spice,70,
Hedley Club,won ton skins,90,
Hedley Club,buckwheat,136,
Hedley Club,skim milk,92,
Hedley Club,split peas,131,
Hedley Club,cookies,138,
Hedley Club,orange milkshake,157,
Hedley Club,blue cheese,115,
Hedley Club,rabbits,65,
Hedley Club,oranges,65,
Hedley Club,zinfandel wine,161,
Hedley Club,grapefruits,84,
Hedley Club,cantaloupes,170,
Hedley Club,half-and-half,93,
Hedley Club,brown rice,66,
Holeman & Finch Public House,sweet peppers,133,
Holeman & Finch Public House,rice vinegar,192,
Holeman & Finch Public House,bouillon,66,
Holeman & Finch Public House,mustard,61,
Holeman & Finch Public House,papayas,115,
Holeman & Finch Public House,melons,134,
Holeman & Finch Public House,mesclun greens,75,
Holeman & Finch Public House,salt,55,
Holeman & Finch Public House,apricots,169,
Holeman & Finch Public House,creme fraiche,62,
Holeman & Finch Public House,cookies,152,
Holeman & Finch Public House,raspberries,75,
Holeman & Finch Public House,blackberries,88,
Holeman & Finch Public House,ginger ale,73,
Holeman & Finch Public House,swordfish,150,
Holeman & Finch Public House,truffles,103,
Holeman & Finch Public House,avocados,176,
Holeman & Finch Public House,split peas,90,
Holeman & Finch Public House,wine,121,
Holeman & Finch Public House,chicory,67,
Holeman & Finch Public House,hot chocolate,126,
Holeman & Finch Public House,water chestnuts,77,
Holeman & Finch Public House,veal,180,
Holeman & Finch Public House,coca cola,161,
Holeman & Finch Public House,chocolate milkshake,144,
Holeman & Finch Public House,pumpkins,188,
Holeman & Finch Public House,lemon juice,75,
Holeman & Finch Public House,pico de gallo,83,
Holeman & Finch Public House,guavas,127,
Holeman & Finch Public House,wasabi,75,
Holeman & Finch Public House,herring,117,
Holeman & Finch Public House,pheasants,57,
Holeman & Finch Public House,custard,88,
Holeman & Finch Public House,graham crackers,142,
Holeman & Finch Public House,sugar,76,
Holeman & Finch Public House,Marsala,184,
Holeman & Finch Public House,peanuts,51,
Holeman & Finch Public House,cayenne pepper,87,
Holeman & Finch Public House,poultry seasoning,158,
Il Fornaio,bourbon,89,
Il Fornaio,brunoise,130,
Il Fornaio,cooking wine,122,
Il Fornaio,rum,52,
Il Fornaio,Goji berry,75,
Il Fornaio,onions,86,
Il Fornaio,gelatin,195,
Il Fornaio,plums,99,
Il Fornaio,avocados,183,
Il Fornaio,wasabi,194,
Il Fornaio,zest,109,
Il Fornaio,kombucha,98,
Il Fornaio,red cabbage,79,
Julep,chaurice sausage,131,
Julep,flounder,154,
Julep,canola oil,190,
Julep,hash browns,158,
Julep,milk,73,
Julep,watermelons,150,
Julep,cannellini beans,138,
Julep,oregano,68,
Julep,crayfish,93,
Julep,pasta,141,
Julep,chai,135,
Julep,pancetta,94,
Julep,sweet potatoes,130,
Julep,chutney,118,
Julep,brandy,192,
Julep,margarine,187,
Julep,date sugar,198,
Julep,rabbits,74,
Julep,oatmeal,68,
Julep,basil,190,
Julep,tomato juice,172,
Julep,mint,136,
Julep,pineapples,74,
Julep,tuna,70,
Julep,red snapper,159,
Julep,cauliflower,178,
Julep,Canadian bacon,55,
Julep,cherries,63,
Julep,lamb,55,
Julep,corn syrup,150,
Julep,soybeans,166,
Julep,red cabbage,62,
Julep,apple pie spice,174,
Julep,bruschetta,85,
Julep,bacon,112,
Julep,pinto beans,152,
Julep,hazelnuts,63,
Julep,won ton skins,72,
Julep,bard,192,
Julep,spinach,158,
Julep,sweet chili sauce,134,
Julep,tomato paste,182,
Julep,rhubarb,196,
Kask,coconut oil,81,
Kask,apple butter,56,
Kask,bard,82,
Kask,sausages,104,
Kask,bananas,171,
Kask,cremini mushrooms,123,
Kask,beer,195,
Kask,Havarti cheese,159,
Kask,beets,111,
Kask,mint milkshake,189,
Kask,provolone,113,
Kask,barley,192,
Kask,artichokes,86,
Kask,bagels,190,
Kask,English muffins,79,
Kask,cucumbers,129,
Kask,bean threads,79,
Kask,cactus,98,
Kask,pheasants,88,
Kask,hash browns,124,
Kask,coconut water,181,
Kask,chocolate milkshake,107,
Kask,scallops,160,
Kask,colby cheese,98,
Kask,sweet potatoes,91,
Kask,cottage cheese,63,
Kask,orange peels,194,
Kask,succotash,117,
Kask,turtle,120,
Kask,raspberries,172,
Kask,snapper,191,
Kask,swordfish,59,
Kask,carrots,129,
Kask,corn syrup,147,
Kask,chili powder,142,
Kask,broth,112,
Kask,mozzarella,50,
Kask,swiss cheese,155,
Kask,anchovies,130,
Kask,barbecue sauce,63,
Kask,black-eyed peas,154,
Kask,maraschino cherries,100,
Kask,powdered sugar,177,
Kask,cornstarch,54,
Kask,wild rice,147,
Kask,asparagus,186,
Kask,wine vinegar,81,
Kask,chicken,55,
Kask,pistachios,95,
King Cole Bar,honeydew melons,159,
King Cole Bar,almond extract,168,
King Cole Bar,apricots,108,
King Cole Bar,leeks,113,
King Cole Bar,bacon grease,135,
King Cole Bar,jasmine tea,116,
King Cole Bar,alligator,108,
King Cole Bar,chicken liver,147,
King Cole Bar,coconut oil,161,
King Cole Bar,bananas,169,
King Cole Bar,wine vinegar,107,
King Cole Bar,vanilla bean,180,
King Cole Bar,moo shu wrappers,130,
King Cole Bar,gouda,196,
King Cole Bar,pico de gallo,184,
King Cole Bar,lemonade,105,
King Cole Bar,kale,145,
King Cole Bar,marshmallows,181,
King Cole Bar,berries,100,
King Cole Bar,blueberries,164,
King Cole Bar,cornmeal,198,
King Cole Bar,salmon,87,
King Cole Bar,soybeans,69,
King Cole Bar,eggplants,198,
King Cole Bar,apple pie spice,130,
King Cole Bar,chambord,106,
King Cole Bar,kumquats,85,
King Cole Bar,blue cheese,151,
King Cole Bar,lamb,77,
King Cole Bar,Parmesan cheese,109,
King Cole Bar,ham,128,
King Cole Bar,adobo,193,
King Cole Bar,aquavit,114,
King Cole Bar,Irish cream liqueur,141,
King Cole Bar,caviar,156,
King Cole Bar,mesclun greens,78,
King Cole Bar,hash browns,190,
King Cole Bar,milk,51,
King Cole Bar,cannellini beans,67,
King Cole Bar,zest,165,
King Cole Bar,black olives,193,
King Cole Bar,tartar sauce,107,
King Cole Bar,peaches,53,
King Cole Bar,beans,167,
King Cole Bar,papayas,51,
King Cole Bar,cherries,164,
King Cole Bar,geese,67,
Kon Tiki Restaurant Lounge,turnips,119,
Kon Tiki Restaurant Lounge,corn flour,180,
Kon Tiki Restaurant Lounge,brussels sprouts,157,
Kon Tiki Restaurant Lounge,mint milkshake,74,
Kon Tiki Restaurant Lounge,chipotle peppers,107,
Kon Tiki Restaurant Lounge,pistachios,142,
Kon Tiki Restaurant Lounge,cooking wine,192,
Kon Tiki Restaurant Lounge,kidney beans,81,
Kon Tiki Restaurant Lounge,pears,70,
Leyenda,pea beans,141,
Leyenda,okra,189,
Leyenda,sparkling water,118,
Leyenda,prunes,166,
Leyenda,artichokes,98,
Leyenda,colby cheese,86,
Leyenda,allspice,146,
Leyenda,heavy cream,105,
Leyenda,cloves,91,
Leyenda,custard,100,
Leyenda,paprika,164,
Leyenda,corn flour,99,
Leyenda,tomato juice,88,
Leyenda,rice wine,64,
Leyenda,chaurice sausage,139,
Leyenda,jicama,159,
Leyenda,geese,120,
Leyenda,split peas,71,
Leyenda,pasta,117,
Leyenda,scallops,176,
Leyenda,onions,146,
Leyenda,ham,159,
Leyenda,cookies,125,
Leyenda,peanut butter,90,
Leyenda,bean sauce,139,
Leyenda,cayenne pepper,167,
Leyenda,beets,111,
Leyenda,applesauce,129,
Leyenda,salmon,154,
Leyenda,tofu,61,
Leyenda,strawberries,180,
Leyenda,squash,147,
Leyenda,parsley,71,
Leyenda,rice vinegar,160,
Leyenda,rabbits,148,
Leyenda,chestnuts,180,
Leyenda,thyme,72,
Leyenda,feta cheese,95,
Leyenda,zest,199,
Leyenda,date sugar,54,
Leyenda,sauerkraut,55,
Lost Lake,cornstarch,191,
Lost Lake,cookies,150,
Lost Lake,aquavit,93,
Lost Lake,Mandarin oranges,115,
Lost Lake,veal,64,
Lost Lake,almond butter,105,
Lost Lake,portabella mushrooms,191,
Lost Lake,/usr/local/bin/python3.6 "/Users/forrest/Documents/School/03-01/Prin Info/Project 2/Population/Combine4.py",87,
Lost Lake,bacon grease,143,
Lost Lake,maraschino cherries,182,
Lost Lake,acorn squash,126,
Lost Lake,granola,157,
Lost Lake,tomato paste,146,
Lost Lake,English muffins,56,
Lost Lake,gelatin,199,
Lost Lake,peanuts,55,
Lost Lake,remoulade,107,
Lost Lake,plum tomatoes,132,
Lost Lake,kidney beans,139,
Lost Lake,buttermilk,112,
Lost Lake,pheasants,176,
Lost Lake,baking soda,146,
Lost Lake,sage,140,
Lost Lake,lemon Peel,131,
Lost Lake,artificial sweetener,59,
Lost Lake,Irish cream liqueur,178,
Lost Lake,sour cream,96,
Lost Lake,milk,123,
Lost Lake,succotash,134,
Lost Lake,red beans,121,
Lost Lake,cooking wine,77,
Lost Lake,soymilk,127,
Lost Lake,red cabbage,57,
Lost Lake,swordfish,87,
Lost Lake,cumin,104,
Lost Lake,bean sauce,126,
Lost Lake,pasta,126,
Lost Lake,almond milk,69,
Lost Lake,butter,163,
Lost Lake,pink beans,56,
Lost Lake,pumpkin seeds,83,
Lost Lake,honeydew melons,144,
Mace ,prawns,73,
Mace ,pancetta,75,
Mace ,bean threads,147,
Mace ,cream cheese,144,
Mace ,coconuts,167,
Mace ,margarine,168,
Mace ,Parmesan cheese,115,
Mace ,adobo,111,
Mace ,duck,114,
Mace ,pumpkin seeds,90,
Mace ,cinnamon,123,
Mace ,pears,195,
Mace ,chai,134,
Mace ,buttermilk,130,
Mace ,fanta,93,
Mace ,bacon,98,
Mace ,English muffins,75,
Mace ,mesclun greens,196,
Mace ,papayas,188,
Mace ,zinfandel wine,159,
Mace ,cream,149,
Mace ,almond butter,92,
Mace ,Tabasco sauce,177,
Mace ,herring,146,
Mace ,chicory,118,
Mace ,passion fruit,106,
Mace ,swiss cheese,111,
Mace ,chutney,187,
Mace ,tomato sauce,150,
Mace ,brown sugar,63,
Mace ,chambord,63,
Mace ,hash browns,178,
Mai Tai Bar,celery,73,
Mai Tai Bar,limes,102,
Mai Tai Bar,clams,51,
Mai Tai Bar,apple pie spice,126,
Mai Tai Bar,cloves,61,
Mai Tai Bar,tea,151,
Mai Tai Bar,mussels,152,
Mai Tai Bar,chives,132,
Mai Tai Bar,spinach,97,
Mai Tai Bar,bean threads,115,
Mai Tai Bar,anchovies,133,
Mai Tai Bar,pesto,55,
Mai Tai Bar,cheddar cheese,92,
Mai Tai Bar,tomato paste,130,
Mai Tai Bar,chili sauce,151,
Mai Tai Bar,snap peas,61,
Mai Tai Bar,chile peppers,52,
Mai Tai Bar,earl gray's tea,85,
Mai Tai Bar,spaghetti squash,111,
Mai Tai Bar,tartar sauce,86,
Mai Tai Bar,macaroni,163,
Mai Tai Bar,eggplants,158,
Mai Tai Bar,red pepper flakes,107,
Mai Tai Bar,squash,173,
Mai Tai Bar,hamburger,173,
Mai Tai Bar,mascarpone,109,
Mai Tai Bar,chestnuts,74,
Mai Tai Bar,cinnamon,149,
Mai Tai Bar,tomatoes,108,
Mai Tai Bar,fennel,154,
Mai Tai Bar,cilantro,194,
Mai Tai Bar,ginger ale,100,
Mai Tai Bar,walnuts,115,
Mai Tai Bar,pico de gallo,80,
Mai Tai Bar,cantaloupes,104,
Marvel Bar,adobo,80,
Marvel Bar,tea,189,
Marvel Bar,bean sauce,85,
Marvel Bar,plums,167,
Marvel Bar,strawberry milkshake,88,
Marvel Bar,allspice,161,
Marvel Bar,hot chocolate,77,
Marvel Bar,hoisin sauce,120,
Marvel Bar,croutons,113,
Marvel Bar,quail,173,
Marvel Bar,focaccia,111,
Marvel Bar,cabbage,108,
Marvel Bar,cinnamon,108,
Marvel Bar,chicory,133,
Marvel Bar,mushrooms,199,
Marvel Bar,moo shu wrappers,99,
Marvel Bar,canola oil,85,
Marvel Bar,rice wine,188,
Marvel Bar,poultry seasoning,158,
Marvel Bar,dried leeks,172,
Marvel Bar,succotash,84,
Marvel Bar,french fries,108,
Marvel Bar,hash browns,134,
Marvel Bar,borscht,100,
Marvel Bar,limes,144,
Marvel Bar,ham,106,
Marvel Bar,pecans,65,
Marvel Bar,hot sauce,116,
Marvel Bar,shrimp,136,
Marvel Bar,almond extract,99,
Marvel Bar,chile peppers,80,
Marvel Bar,rice,133,
Marvel Bar,turtle,147,
Marvel Bar,monkfish,133,
Marvel Bar,asparagus,144,
Marvel Bar,cottage cheese,167,
Marvel Bar,rosemary,137,
Marvel Bar,brandy,171,
Marvel Bar,white beans,70,
Marvel Bar,spinach,94,
Marvel Bar,turnips,183,
Marvel Bar,shallots,128,
Marvel Bar,gelatin,154,
Marvel Bar,kidney beans,151,
Marvel Bar,lentils,198,
McMahon's Public House,strawberry milkshake,127,
McMahon's Public House,mackerel,112,
McMahon's Public House,haddock,165,
McMahon's Public House,butter,103,
McMahon's Public House,rice,185,
McMahon's Public House,croutons,139,
McMahon's Public House,cabbage,179,
McMahon's Public House,amaretto,167,
McMahon's Public House,beer,198,
McMahon's Public House,hot sauce,53,
McMahon's Public House,lemons,173,
McMahon's Public House,shallots,170,
McMahon's Public House,avocados,159,
McMahon's Public House,garlic,130,
McMahon's Public House,bruschetta,83,
McMahon's Public House,potatoes,92,
McMahon's Public House,barbecue sauce,145,
McMahon's Public House,pistachios,147,
McMahon's Public House,apricots,124,
McMahon's Public House,Marsala,64,
McMahon's Public House,ancho chile peppers,190,
McMahon's Public House,octopus,119,
McMahon's Public House,cilantro,57,
McMahon's Public House,acorn squash,147,
McMahon's Public House,aquavit,123,
McMahon's Public House,fennel,155,
McMahon's Public House,baking soda,121,
McMahon's Public House,chili sauce,175,
McMahon's Public House,cinnamon,125,
McMahon's Public House,squid,71,
McMahon's Public House,barley sugar,97,
McMahon's Public House,brown sugar,128,
McMahon's Public House,quail,60,
McMahon's Public House,dates,63,
McMahon's Public House,lamb,102,
Milk Room,cactus,54,
Milk Room,bean sprouts,91,
Milk Room,green beans,171,
Milk Room,aquavit,168,
Milk Room,black beans,111,
Milk Room,hot sauce,153,
Milk Room,tea,161,
Milk Room,cannellini beans,158,
Milk Room,couscous,107,
Milk Room,raspberries,73,
Milk Room,coca cola,145,
Milk Room,haddock,179,
Milk Room,bard,179,
Milk Room,black olives,168,
Milk Room,navy beans,102,
Milk Room,cornstarch,53,
Milk Room,borscht,99,
Milk Room,pico de gallo,114,
Milk Room,duck,110,
Milk Room,brown rice,167,
Milk Room,sesame seeds,71,
Milk Room,salsa,130,
Milk Room,salt,171,
Million Dollar Cowboy Bar,couscous,119,
Million Dollar Cowboy Bar,radishes,155,
Million Dollar Cowboy Bar,lemons,157,
Million Dollar Cowboy Bar,summer squash,166,
Million Dollar Cowboy Bar,cider,146,
Million Dollar Cowboy Bar,rice wine,51,
Million Dollar Cowboy Bar,rice,71,
Million Dollar Cowboy Bar,bacon,75,
Million Dollar Cowboy Bar,Tabasco sauce,119,
Million Dollar Cowboy Bar,corned beef,136,
Million Dollar Cowboy Bar,chard,104,
Million Dollar Cowboy Bar,cider vinegar,143,
Million Dollar Cowboy Bar,cheddar cheese,118,
Molly's Shebeen,provolone,121,
Molly's Shebeen,bagels,145,
Molly's Shebeen,tuna,163,
Molly's Shebeen,herring,53,
Molly's Shebeen,peanut butter,117,
Molly's Shebeen,macaroni,183,
Molly's Shebeen,pink beans,77,
Molly's Shebeen,flour,90,
Molly's Shebeen,bananas,76,
Molly's Shebeen,broccoli,85,
Molly's Shebeen,coriander,100,
Molly's Shebeen,bok choy,143,
Molly's Shebeen,chaurice sausage,165,
Molly's Shebeen,cream,162,
Molly's Shebeen,margarine,125,
Molly's Shebeen,mint,175,
Molly's Shebeen,walnuts,194,
Molly's Shebeen,salmon,143,
Multnomah Whiskey Library,rhubarb,192,
Multnomah Whiskey Library,date sugar,69,
Multnomah Whiskey Library,grapefruits,75,
Multnomah Whiskey Library,black beans,151,
Multnomah Whiskey Library,chocolate milkshake,91,
Multnomah Whiskey Library,strawberries,161,
Multnomah Whiskey Library,dill,128,
Multnomah Whiskey Library,bay leaves,180,
Multnomah Whiskey Library,almond paste,135,
Multnomah Whiskey Library,cucumbers,141,
Multnomah Whiskey Library,chocolate,96,
Multnomah Whiskey Library,crayfish,132,
Multnomah Whiskey Library,lemon grass,62,
Multnomah Whiskey Library,grits,115,
Multnomah Whiskey Library,chipotle peppers,137,
Multnomah Whiskey Library,huckleberries,106,
Multnomah Whiskey Library,tomato paste,81,
Multnomah Whiskey Library,snapper,186,
Multnomah Whiskey Library,vanilla milkshake,51,
Multnomah Whiskey Library,chard,75,
Multnomah Whiskey Library,truffles,90,
Multnomah Whiskey Library,breadcrumbs,136,
Multnomah Whiskey Library,coconut water,165,
Multnomah Whiskey Library,margarine,91,
Multnomah Whiskey Library,bruschetta,94,
Multnomah Whiskey Library,chili powder,167,
Multnomah Whiskey Library,venison,128,
Multnomah Whiskey Library,Havarti cheese,174,
Multnomah Whiskey Library,garlic,124,
Multnomah Whiskey Library,horseradish,175,
Multnomah Whiskey Library,peas,81,
Multnomah Whiskey Library,monkfish,93,
Multnomah Whiskey Library,Worcestershire sauce,98,
Multnomah Whiskey Library,cantaloupes,77,
Multnomah Whiskey Library,paprika,70,
Multnomah Whiskey Library,basil,118,
Multnomah Whiskey Library,arugula,59,
Multnomah Whiskey Library,baguette,195,
Multnomah Whiskey Library,tortillas,142,
Multnomah Whiskey Library,Cappuccino Latte,51,
Multnomah Whiskey Library,sparkling water,107,
No Vacancy at the Juniper Hotel,margarine,180,
No Vacancy at the Juniper Hotel,pasta,97,
No Vacancy at the Juniper Hotel,peanut butter,66,
No Vacancy at the Juniper Hotel,bean sauce,147,
No Vacancy at the Juniper Hotel,aioli,145,
No Vacancy at the Juniper Hotel,spaghetti squash,170,
No Vacancy at the Juniper Hotel,strawberry milkshake,199,
No Vacancy at the Juniper Hotel,capers,50,
No Vacancy at the Juniper Hotel,flax seed,120,
No Vacancy at the Juniper Hotel,aquavit,137,
No Vacancy at the Juniper Hotel,bean threads,92,
No Vacancy at the Juniper Hotel,croutons,128,
No Vacancy at the Juniper Hotel,kiwi,171,
No Vacancy at the Juniper Hotel,chipotle peppers,71,
No Vacancy at the Juniper Hotel,sparkling water,193,
No Vacancy at the Juniper Hotel,cayenne pepper,67,
No Vacancy at the Juniper Hotel,cranberry juice,54,
No Vacancy at the Juniper Hotel,andouille sausage,131,
No Vacancy at the Juniper Hotel,berries,103,
No Vacancy at the Juniper Hotel,Parmesan cheese,178,
No Vacancy at the Juniper Hotel,avocados,117,
No Vacancy at the Juniper Hotel,bananas,160,
No Vacancy at the Juniper Hotel,mozzarella,79,
No Vacancy at the Juniper Hotel,cannellini beans,87,
No Vacancy at the Juniper Hotel,colby cheese,98,
No Vacancy at the Juniper Hotel,red cabbage,78,
No Vacancy at the Juniper Hotel,habanero chilies,51,
No Vacancy at the Juniper Hotel,cookies,139,
No Vacancy at the Juniper Hotel,vanilla milkshake,158,
No Vacancy at the Juniper Hotel,okra,131,
No Vacancy at the Juniper Hotel,salmon,144,
No Vacancy at the Juniper Hotel,beef,100,
No Vacancy at the Juniper Hotel,shrimp,92,
No Vacancy at the Juniper Hotel,garlic,73,
No Vacancy at the Juniper Hotel,pickles,179,
No Vacancy at the Juniper Hotel,tomato paste,58,
No Vacancy at the Juniper Hotel,pig's feet,124,
No Vacancy at the Juniper Hotel,mushrooms,72,
No Vacancy at the Juniper Hotel,brown sugar,172,
No Vacancy at the Juniper Hotel,garlic powder,66,
No Vacancy at the Juniper Hotel,chutney,120,
No Vacancy at the Juniper Hotel,fanta,120,
No Vacancy at the Juniper Hotel,anchovy paste,66,
No Vacancy at the Juniper Hotel,corn syrup,64,
No Vacancy at the Juniper Hotel,raisins,86,
No Vacancy at the Juniper Hotel,honeydew melons,56,
No Vacancy at the Juniper Hotel,romaine lettuce,109,
No Vacancy at the Juniper Hotel,paprika,136,
No Vacancy at the Juniper Hotel,orange milkshake,66,
Occidental,water chestnuts,50,
Occidental,chambord,161,
Occidental,jasmine tea,139,
Occidental,broth,62,
Occidental,adobo,91,
Occidental,dumpling,102,
Occidental,cocoa powder,183,
Occidental,huckleberries,105,
Occidental,mint,130,
Occidental,coconut milk,189,
Occidental,soymilk,100,
Occidental,pears,147,
Occidental,ketchup,130,
Occidental,vanilla bean,80,
Occidental,succotash,58,
Occidental,lettuce,194,
Occidental,peanut butter,58,
Occidental,pesto,104,
Occidental,lima beans,114,
Occidental,five-spice powder,149,
Occidental,red snapper,128,
Old Ebbitt Grill,anchovy paste,113,
Old Ebbitt Grill,almond butter,91,
Old Ebbitt Grill,celery seeds,169,
Old Ebbitt Grill,mesclun greens,175,
Old Ebbitt Grill,coriander,52,
Old Ebbitt Grill,white chocolate,195,
Old Ebbitt Grill,plums,98,
Old Ebbitt Grill,rum,179,
Old Ebbitt Grill,squid,143,
Old Ebbitt Grill,cornstarch,98,
Old Ebbitt Grill,pepper,78,
Old Ebbitt Grill,snap peas,99,
Old Ebbitt Grill,salsa,93,
Old Ebbitt Grill,mussels,184,
Old Ebbitt Grill,ham,149,
Old Ebbitt Grill,fennel,82,
Old Ebbitt Grill,corn flour,176,
Old Ebbitt Grill,curry powder,182,
Old Ebbitt Grill,ice cream,60,
PX,romaine lettuce,52,
PX,snow peas,122,
PX,figs,74,
PX,angelica,184,
PX,breadcrumbs,123,
PX,coca cola,89,
Polite Provisions,kumquats,131,
Polite Provisions,rosemary,174,
Polite Provisions,breadcrumbs,79,
Polite Provisions,chambord,126,
Polite Provisions,chutney,198,
Polite Provisions,beer,53,
Polite Provisions,cod,185,
Prairie School,grapefruits,75,
Prairie School,limes,80,
Prairie School,swordfish,98,
Prairie School,sazon,117,
Prairie School,pasta,93,
Prairie School,milk,172,
Prairie School,lemon Peel,76,
Prairie School,cookies,105,
Prairie School,succotash,174,
Prairie School,quail,106,
Prairie School,anchovies,195,
Prairie School,molasses,60,
Prairie School,ketchup,71,
Prairie School,tartar sauce,85,
Prizefighter,pecans,126,
Prizefighter,pig's feet,134,
Prizefighter,hamburger,108,
Prizefighter,prosciutto,113,
Prizefighter,marmalade,133,
Prizefighter,chicken,96,
Prizefighter,hash browns,130,
Prizefighter,Goji berry,54,
Prizefighter,sage,119,
Prizefighter,clams,89,
Prizefighter,octopus,171,
Prizefighter,bass,98,
Prizefighter,almonds,121,
Prizefighter,pesto,151,
Prizefighter,figs,99,
Prizefighter,celery seeds,80,
Prizefighter,lobsters,74,
Prizefighter,barley,77,
Prizefighter,skim milk,76,
Prizefighter,bananas,190,
Prizefighter,dill,193,
Prizefighter,beer,122,
Prizefighter,kidney beans,180,
Prizefighter,artificial sweetener,69,
Prizefighter,zinfandel wine,140,
Prizefighter,duck,143,
Prizefighter,cannellini beans,147,
Prizefighter,plums,55,
Prizefighter,grits,194,
Prizefighter,rum,58,
Prizefighter,sazon,95,
Prizefighter,provolone,104,
Proof,tonic water,72,
Proof,chipotle peppers,71,
Proof,watermelons,121,
Proof,broth,127,
Proof,mascarpone,164,
Proof,limes,123,
Proof,halibut,178,
Proof,maraschino cherries,164,
Proof,horseradish,83,
Proof,cottage cheese,97,
Proof,chutney,106,
Proof,brunoise,168,
Proof,raspberries,156,
Proof,cherries,106,
Proof,barbecue sauce,68,
Proof,corned beef,51,
Proof,kombucha,170,
Proof,chili sauce,102,
Proof,raisins,149,
Proof,lima beans,148,
Proof,Goji berry,85,
Proof,breadcrumbs,66,
Proof,provolone,122,
Proof,garlic,105,
Proof,artificial sweetener,168,
Proof,apricots,182,
Proof,allspice,96,
Proof,pepper,177,
Proof,powdered sugar,156,
Proof,ham,175,
Proof,spearmint,82,
Proof,hamburger,177,
Proof,gouda,176,
Proof,dried leeks,58,
Proof,apple pie spice,199,
Proof,onion powder,93,
Proof,gorgonzola,193,
Proof,English muffins,120,
Proof,rice wine,149,
Proof,cannellini beans,198,
Proof,lobsters,55,
Proof,panko bread crumbs,141,
Proof,quail,105,
Proof,ale,111,
Proof,granola,95,
Proof,mustard,196,
Proof,geese,115,
Proof,dr. pepper,66,
Proof,coffee,148,
Proof,hoisin sauce,79,
ROKC,margarine,76,
ROKC,earl gray's tea,116,
ROKC,oranges,178,
ROKC,fish sauce,199,
ROKC,Mandarin oranges,170,
ROKC,red pepper flakes,73,
ROKC,date sugar,102,
ROKC,beets,150,
ROKC,caviar,173,
ROKC,plums,140,
ROKC,hot chocolate,57,
ROKC,brunoise,57,
ROKC,acai juice,164,
ROKC,sausages,150,
ROKC,panko bread crumbs,76,
ROKC,flax seed,159,
ROKC,raisins,106,
ROKC,almond extract,106,
ROKC,tofu,171,
ROKC,cactus,159,
ROKC,sweet peppers,172,
ROKC,ginger,175,
ROKC,sesame seeds,86,
ROKC,squid,138,
ROKC,broccoli,145,
ROKC,anchovies,99,
ROKC,guavas,182,
ROKC,borscht,86,
ROKC,aquavit,157,
ROKC,bay leaves,168,
ROKC,vanilla,188,
ROKC,chives,85,
ROKC,strawberry milkshake,184,
ROKC,colby cheese,123,
ROKC,pig's feet,96,
ROKC,mustard,103,
ROKC,buckwheat,162,
ROKC,turkeys,91,
ROKC,veal,85,
ROKC,blueberries,146,
Range,white beans,185,
Range,bean threads,173,
Range,apple butter,150,
Range,capers,72,
Range,plums,139,
Range,crabs,137,
Range,sweet chili sauce,198,
Range,spaghetti squash,52,
Range,grits,139,
Range,chipotle peppers,188,
Range,pesto,98,
Range,cloves,158,
Range,mushrooms,86,
Range,pistachios,143,
Range,plum tomatoes,121,
Range,veal,168,
Range,coconut water,196,
Range,kombucha,118,
Raven & Rose,crayfish,147,
Raven & Rose,Goji berry,192,
Raven & Rose,monkfish,171,
Raven & Rose,cranberry juice,52,
Raven & Rose,marmalade,97,
Raven & Rose,cauliflower,50,
Raven & Rose,sausages,102,
Raven & Rose,condensed milk,100,
Raven & Rose,beans,158,
Raven & Rose,pork,135,
Raven & Rose,ham,85,
Raven & Rose,lima beans,92,
Raven & Rose,broccoli raab,155,
Raven & Rose,Mandarin oranges,131,
Raven & Rose,vanilla milkshake,152,
Raven & Rose,romaine lettuce,103,
Raven & Rose,venison,181,
Raven & Rose,hazelnuts,88,
Raven & Rose,coconut oil,118,
Raven & Rose,alfredo sauce,83,
Raven & Rose,trout,199,
Raven & Rose,broccoli,110,
Raven & Rose,croutons,158,
Raven & Rose,red snapper,165,
Raven & Rose,brussels sprouts,93,
Raven & Rose,jelly beans,111,
Raven & Rose,bruschetta,172,
Raven & Rose,rosemary,81,
Raven & Rose,oatmeal,88,
Raven & Rose,tonic water,149,
Raven & Rose,paprika,56,
Raven & Rose,milk,74,
Raven & Rose,quail,198,
Raven & Rose,gouda,133,
Raven & Rose,cider vinegar,141,
Raven & Rose,bacon grease,75,
Raven & Rose,margarine,95,
Raven & Rose,bass,74,
Raven & Rose,mesclun greens,138,
Raven & Rose,green beans,146,
Raven & Rose,vanilla,184,
Raven & Rose,chestnuts,183,
Raven & Rose,/usr/local/bin/python3.6 "/Users/forrest/Documents/School/03-01/Prin Info/Project 2/Population/Combine4.py",199,
Raven & Rose,cocoa powder,118,
Raven & Rose,jack cheese,111,
Raven & Rose,clams,183,
Raven & Rose,coca cola,185,
Raven & Rose,almond milk,138,
Raven & Rose,pumpkins,168,
Red Key Tavern,honey,129,
Red Key Tavern,tonic water,55,
Red Key Tavern,apples,84,
Red Key Tavern,portabella mushrooms,104,
Red Key Tavern,adobo,98,
Red Key Tavern,mascarpone,171,
Red Key Tavern,chili sauce,86,
Red Key Tavern,black olives,77,
Red Key Tavern,blackberries,92,
Red Key Tavern,pepsi,57,
Room 11,apples,152,
Room 11,guavas,72,
Room 11,provolone,97,
Room 11,feta cheese,196,
Room 11,cocoa powder,168,
Room 11,won ton skins,191,
Room 11,apricots,193,
Room 11,pepsi,170,
Room 11,onions,113,
Room 11,cornmeal,105,
Room 11,kumquats,185,
Room 11,cumin,198,
Room 11,brown rice,58,
Room 11,Havarti cheese,141,
Room 11,white beans,105,
Room 11,acorn squash,171,
Room 11,chipotle peppers,50,
Room 11,steak,111,
Room 11,cantaloupes,105,
Room 11,green onions,67,
Room 11,cinnamon,54,
Room 11,cheddar cheese,173,
Room 11,french fries,82,
Room 11,watermelons,89,
Salty Dawg Saloon,orange peels,97,
Salty Dawg Saloon,chili sauce,59,
Salty Dawg Saloon,nectarines,65,
Salty Dawg Saloon,brussels sprouts,93,
Salty Dawg Saloon,eel,89,
Salty Dawg Saloon,chives,83,
Salty Dawg Saloon,apples,60,
Salty Dawg Saloon,provolone,185,
Salty Dawg Saloon,mustard,173,
Salty Dawg Saloon,broth,164,
Salty Dawg Saloon,raw sugar,195,
Salty Dawg Saloon,aquavit,60,
Salty Dawg Saloon,almond milk,53,
Salty Dawg Saloon,marmalade,179,
Salty Dawg Saloon,pecans,81,
Salty Dawg Saloon,zinfandel wine,66,
Salty Dawg Saloon,kidney beans,111,
Salty Dawg Saloon,green beans,53,
Sassafras Saloon,asiago cheese,153,
Sassafras Saloon,mussels,120,
Sassafras Saloon,baking powder,119,
Sassafras Saloon,peanut butter,151,
Sassafras Saloon,chambord,179,
Sassafras Saloon,catfish,142,
Sassafras Saloon,vanilla bean,66,
Sassafras Saloon,squid,144,
Sassafras Saloon,cremini mushrooms,123,
Sassafras Saloon,turtle,197,
Sassafras Saloon,green onions,65,
Sassafras Saloon,potatoes,135,
Sassafras Saloon,moo shu wrappers,92,
Sassafras Saloon,acorn squash,127,
Sassafras Saloon,cinnamon,97,
Sassafras Saloon,raspberries,94,
Sassafras Saloon,watermelons,190,
Sassafras Saloon,peas,100,
Sassafras Saloon,broth,124,
Sassafras Saloon,cloves,174,
Sassafras Saloon,lamb,79,
Sassafras Saloon,navy beans,177,
Sassafras Saloon,cayenne pepper,125,
Sassafras Saloon,chicken,142,
Sassafras Saloon,pineapple-mango sherbert punch,74,
Sassafras Saloon,cod,169,
Sassafras Saloon,poppy seeds,63,
Sassafras Saloon,bacon grease,92,
Sazerac Bar,coconuts,150,
Sazerac Bar,acai juice,192,
Sazerac Bar,pumpkins,111,
Sazerac Bar,vegemite,168,
Sazerac Bar,pork,99,
Sazerac Bar,beer,193,
Sazerac Bar,barley sugar,94,
Sazerac Bar,apples,91,
Sazerac Bar,potatoes,103,
Sazerac Bar,chickpeas,163,
Sazerac Bar,fanta,176,
Sazerac Bar,okra,174,
Sazerac Bar,soybeans,126,
Sazerac Bar,tarragon,93,
Sazerac Bar,sesame seeds,103,
Sazerac Bar,andouille sausage,178,
Sazerac Bar,turkeys,107,
Sazerac Bar,coriander,197,
Sazerac Bar,cider vinegar,105,
Sazerac Bar,angelica,125,
Sazerac Bar,curry powder,159,
Sazerac Bar,creme fraiche,114,
Sazerac Bar,sweet potatoes,113,
Sazerac Bar,wild rice,142,
Sazerac Bar,remoulade,185,
Sazerac Bar,Cappuccino Latte,66,
Sazerac Bar,corn,180,
Sazerac Bar,ketchup,80,
Sazerac Bar,oranges,148,
Sazerac Bar,raw sugar,140,
Sazerac Bar,sour cream,85,
Sazerac Bar,baking powder,194,
Sazerac Bar,chives,131,
Sazerac Bar,walnuts,94,
Sazerac Bar,lobsters,89,
Sazerac Bar,romaine lettuce,88,
Sazerac Bar,sweet chili sauce,185,
Sazerac Bar,Havarti cheese,143,
Sazerac Bar,watermelons,108,
Sazerac Bar,squash,173,
Sazerac Bar,ricotta cheese,96,
Sazerac Bar,bard,170,
Sazerac Bar,rhubarb,112,
Sazerac Bar,anchovy paste,71,
Sazerac Bar,artichokes,182,
Sazerac Bar,rosemary,165,
Seamstress,/usr/local/bin/python3.6 "/Users/forrest/Documents/School/03-01/Prin Info/Project 2/Population/Combine4.py",65,
Seamstress,salsa,147,
Seamstress,chestnuts,107,
Seamstress,jelly beans,166,
Seamstress,portabella mushrooms,115,
Seamstress,dates,74,
Seamstress,artificial sweetener,125,
Seamstress,panko bread crumbs,83,
Seamstress,kombucha,104,
Seamstress,oranges,97,
Seamstress,carrots,200,
Seamstress,vegemite,60,
Seamstress,rosemary,145,
Seamstress,rice vinegar,107,
Seamstress,pheasants,104,
Seamstress,peanut butter,159,
Seamstress,tortillas,74,
Seamstress,cooking wine,102,
Seamstress,blueberries,176,
Seamstress,wasabi,200,
Seamstress,acai juice,99,
Seamstress,succotash,58,
Seamstress,garlic powder,93,
Seamstress,brussels sprouts,145,
Seamstress,sauerkraut,51,
Seamstress,corn flour,96,
Seamstress,zinfandel wine,108,
Seamstress,crayfish,137,
Seamstress,blue cheese,174,
Seamstress,bourbon,110,
Seamstress,Kahlua,161,
Seamstress,cayenne pepper,66,
Seamstress,hamburger,199,
Seamstress,cheddar cheese,60,
Seamstress,black olives,169,
Seamstress,ancho chile peppers,57,
Seamstress,prosciutto,159,
Seamstress,salmon,123,
Seamstress,dumpling,90,
Seven Bamboo,breadcrumbs,82,
Seven Bamboo,celery,112,
Seven Bamboo,corn syrup,102,
Seven Bamboo,prawns,167,
Seven Bamboo,black-eyed peas,59,
Seven Bamboo,/usr/local/bin/python3.6 "/Users/forrest/Documents/School/03-01/Prin Info/Project 2/Population/Combine4.py",147,
Seven Bamboo,artificial sweetener,103,
Seven Bamboo,sesame seeds,84,
Seven Bamboo,green tea,97,
Seven Bamboo,ale,124,
Seven Bamboo,cannellini beans,122,
Seven Bamboo,strawberry milkshake,157,
Seven Bamboo,chickpeas,177,
Seven Bamboo,guavas,168,
Seven Bamboo,gouda,183,
Seven Bamboo,bananas,154,
Seven Bamboo,oatmeal,95,
Seven Bamboo,bean sprouts,52,
Seven Bamboo,baking soda,115,
Seven Bamboo,caviar,89,
Seven Bamboo,ancho chile peppers,196,
Seven Bamboo,snow peas,189,
Seven Bamboo,pasta,153,
Seven Bamboo,asiago cheese,147,
Seven Bamboo,rice vinegar,165,
Seven Bamboo,chocolate,140,
Seven Bamboo,fanta,135,
Seven Bamboo,powdered sugar,157,
Seven Bamboo,snap peas,178,
Seven Bamboo,heavy cream,128,
Seven Bamboo,unsweetened chocolate,150,
Seven Bamboo,hazelnuts,71,
Seven Bamboo,eel,172,
Seven Bamboo,green beans,111,
Seven Bamboo,chutney,83,
Seven Bamboo,balsamic vinegar,83,
Seven Bamboo,chambord,150,
Seven Bamboo,flour,104,
Seven Bamboo,walnuts,111,
Seven Bamboo,turtle,200,
Seven Bamboo,black beans,168,
Seven Bamboo,leeks,101,
Seven Bamboo,cornstarch,112,
Seven Bamboo,breadfruit,56,
Seven Bamboo,ginger ale,194,
Slowly Shirley,blueberries,104,
Slowly Shirley,onion powder,161,
Slowly Shirley,skim milk,83,
Slowly Shirley,salsa,79,
Slowly Shirley,peaches,189,
Slowly Shirley,swiss cheese,90,
Slowly Shirley,margarine,167,
Slowly Shirley,bean threads,193,
Slowly Shirley,won ton skins,184,
Slowly Shirley,poppy seeds,120,
Slowly Shirley,barley sugar,146,
Slowly Shirley,mint,107,
Slowly Shirley,succotash,56,
Slowly Shirley,bouillon,117,
Slowly Shirley,crayfish,167,
Slowly Shirley,cider vinegar,56,
Slowly Shirley,pancetta,63,
Slowly Shirley,brandy,159,
Slowly Shirley,Worcestershire sauce,86,
Slowly Shirley,Cappuccino Latte,118,
Slowly Shirley,vanilla bean,162,
Slowly Shirley,soy sauce,118,
Slowly Shirley,five-spice powder,130,
Slowly Shirley,tomato juice,119,
Social,bacon,141,
Social,pink beans,176,
Social,parsnips,128,
Social,butter,106,
Social,lima beans,177,
Social,corn syrup,172,
Social,ale,188,
Social,hash browns,88,
Social,vanilla bean,140,
Social,/usr/local/bin/python3.6 "/Users/forrest/Documents/School/03-01/Prin Info/Project 2/Population/Combine4.py",146,
Social,pig's feet,72,
Social,kumquats,159,
Social,chocolate milkshake,105,
Social,red beans,167,
Social,turtle,68,
Social,cookies,89,
Social,white chocolate,116,
Social,brown sugar,156,
Spilt Milk,pig's feet,108,
Spilt Milk,almond paste,102,
Spilt Milk,dumpling,130,
Spilt Milk,peas,156,
Spilt Milk,steak,153,
Spilt Milk,black olives,124,
Spilt Milk,red cabbage,144,
Spilt Milk,chicken,107,
Spilt Milk,rice,193,
Spilt Milk,Kahlua,121,
Spilt Milk,green onions,176,
Spilt Milk,nectarines,177,
Spilt Milk,mozzarella,139,
Spilt Milk,pistachios,197,
Spilt Milk,oregano,89,
Spilt Milk,corn flour,97,
Spilt Milk,red chile powder,78,
Spilt Milk,lemons,128,
Spilt Milk,broccoli,149,
Spilt Milk,sweet peppers,85,
Spilt Milk,chard,112,
Spilt Milk,won ton skins,70,
Spilt Milk,chai,96,
Spilt Milk,alfredo sauce,84,
Spilt Milk,panko bread crumbs,164,
Spilt Milk,gelatin,63,
Spilt Milk,wasabi,73,
Spilt Milk,bay leaves,197,
Spilt Milk,red beans,185,
Spilt Milk,hot sauce,106,
Spilt Milk,split peas,141,
Spirit,artichokes,193,
Spirit,chaurice sausage,72,
Spirit,water chestnuts,58,
Spirit,Kahlua,81,
Spirit,mustard seeds,142,
Spirit,oranges,188,
Spirit,colby cheese,198,
Spirit,vermouth,174,
Spirit,white chocolate,86,
Spirit,turtle,194,
Spirit,catfish,187,
Spirit,cauliflower,147,
Spirit,custard,67,
Spirit,celery seeds,151,
Spirit,grouper,167,
Spirit,pistachios,144,
Spirit,chipotle peppers,197,
Spirit,aquavit,97,
Spirit,snow peas,131,
Spirit,peanut butter,101,
Spirit,mussels,95,
Spirit,red chile powder,90,
Spirit,raisins,194,
Spirit,lettuce,168,
Spirit,chard,99,
Spirit,bard,119,
Square Grouper Tiki Bar,coconut water,123,
Square Grouper Tiki Bar,carrots,51,
Square Grouper Tiki Bar,chives,122,
Square Grouper Tiki Bar,pickles,99,
Square Grouper Tiki Bar,chard,148,
Square Grouper Tiki Bar,colby cheese,89,
Square Grouper Tiki Bar,cream,149,
Square Grouper Tiki Bar,lamb,195,
Square Grouper Tiki Bar,sweet potatoes,189,
Square Grouper Tiki Bar,pesto,143,
Square Grouper Tiki Bar,hot chocolate,185,
Square Grouper Tiki Bar,chicory,180,
Square Grouper Tiki Bar,jasmine tea,140,
Square Grouper Tiki Bar,pepsi,179,
Sweet Liberty,curry leaves,80,
Sweet Liberty,bean threads,137,
Sweet Liberty,strawberries,154,
Sweet Liberty,beans,91,
Sweet Liberty,angelica,166,
Sweet Liberty,aquavit,178,
Sweet Liberty,cinnamon,114,
Sweet Liberty,lobsters,154,
Sweet Liberty,Romano cheese,97,
Sweet Liberty,coconuts,125,
Taste by Niche,chili sauce,100,
Taste by Niche,cucumbers,162,
Taste by Niche,cauliflower,93,
Taste by Niche,lettuce,145,
Taste by Niche,cremini mushrooms,184,
Taste by Niche,cashew nut,124,
Taste by Niche,mesclun greens,177,
Taste by Niche,angelica,172,
Taste by Niche,melons,141,
Taste by Niche,aquavit,108,
Taste by Niche,curry leaves,113,
Taste by Niche,prawns,100,
Taste by Niche,chives,112,
Taste by Niche,rice vinegar,71,
Taste by Niche,venison,155,
Taste by Niche,hamburger,155,
Taste by Niche,mushrooms,79,
Taste by Niche,summer squash,149,
Taste by Niche,green tea,198,
Taste by Niche,potatoes,68,
Taste by Niche,cooking wine,133,
Taste by Niche,cod,105,
Taste by Niche,pasta,78,
Taste by Niche,squash,117,
Taste by Niche,chutney,51,
Taste by Niche,pesto,178,
Taste by Niche,horseradish,112,
The Alembic,apple butter,165,
The Alembic,hot sauce,141,
The Alembic,yogurt,166,
The Alembic,chicory,51,
The Alembic,won ton skins,126,
The Alembic,almond milk,149,
The Alembic,crabs,146,
The Alembic,coconut oil,134,
The Alembic,maple syrup,130,
The Alembic,gouda,187,
The Alembic,corn syrup,105,
The Alembic,pomegranates,145,
The Alembic,brazil nuts,129,
The Alembic,baking soda,94,
The Alembic,curry leaves,106,
The Alembic,tarragon,148,
The Alembic,gelatin,110,
The Alembic,orange juice,83,
The Alembic,radishes,107,
The Alembic,soy sauce,176,
The Alembic,broth,194,
The Alembic,sesame seeds,163,
The Alembic,wasabi,158,
The Alembic,pasta,158,
The Alembic,mushrooms,108,
The Alembic,rice wine,188,
The Alembic,onion powder,91,
The Alembic,brussels sprouts,105,
The Alembic,pepper,56,
The Alembic,ginger ale,181,
The Alembic,coffee,110,
The Alembic,chicken liver,92,
The Alembic,sazon,183,
The B-Hive,wasabi,188,
The B-Hive,pears,138,
The B-Hive,panko bread crumbs,84,
The B-Hive,pumpkin seeds,64,
The B-Hive,feta cheese,191,
The B-Hive,apricots,107,
The B-Hive,milk,142,
The B-Hive,veal,149,
The B-Hive,kale,91,
The B-Hive,steak,80,
The B-Hive,chicory,59,
The B-Hive,jasmine tea,52,
The B-Hive,macaroni,120,
The B-Hive,bourbon,86,
The B-Hive,fanta,94,
The B-Hive,cashew nut,148,
The B-Hive,acai juice,102,
The B-Hive,ham,77,
The B-Hive,avocados,98,
The B-Hive,rice,88,
The B-Hive,bagels,132,
The B-Hive,habanero chilies,58,
The B-Hive,anchovies,146,
The B-Hive,pomegranates,162,
The B-Hive,orange milkshake,177,
The B-Hive,plum tomatoes,105,
The B-Hive,water,96,
The B-Hive,duck,174,
The B-Hive,mustard,190,
The B-Hive,sauerkraut,147,
The B-Hive,cider vinegar,136,
The B-Hive,monkfish,190,
The B-Hive,mackerel,177,
The B-Hive,flour,147,
The Backbeat,hash browns,94,
The Backbeat,hoisin sauce,62,
The Backbeat,chili sauce,111,
The Backbeat,tomato juice,51,
The Backbeat,broccoli,62,
The Backbeat,oregano,110,
The Backbeat,blue cheese,137,
The Backbeat,asparagus,117,
The Backbeat,coriander,96,
The Backbeat,clams,139,
The Backbeat,arugula,69,
The Backbeat,chocolate milkshake,60,
The Backbeat,snow peas,141,
The Backbeat,pomegranates,139,
The Backbeat,pine nuts,119,
The Backbeat,asiago cheese,134,
The Backbeat,parsley,154,
The Backbeat,pickles,180,
The Backbeat,poultry seasoning,183,
The Backbeat,coca cola,131,
The Backbeat,flour,119,
The Backbeat,green onions,66,
The Backbeat,chipotle peppers,131,
The Backbeat,onions,131,
The Backbeat,chives,198,
The Backbeat,haddock,72,
The Backbeat,alfredo sauce,112,
The Backbeat,sesame seeds,182,
The Backbeat,jicama,78,
The Backbeat,limes,67,
The Backbeat,curry paste,146,
The Backbeat,Tabasco sauce,100,
The Backbeat,blackberries,82,
The Backbeat,olives,184,
The Backbeat,cod,195,
The Backbeat,raspberries,134,
The Backbeat,halibut,165,
The Backbeat,bok choy,138,
The Backbeat,Mandarin oranges,90,
The Backbeat,anchovies,57,
The Backbeat,pineapple-mango sherbert punch,134,
The Backbeat,bourbon,63,
The Backbeat,thyme,91,
The Backbeat,maple syrup,51,
The Baldwin and Sons Trading Co.,green onions,109,
The Baldwin and Sons Trading Co.,water,137,
The Baldwin and Sons Trading Co.,raisins,66,
The Baldwin and Sons Trading Co.,parsley,86,
The Baldwin and Sons Trading Co.,salsa,180,
The Bar Room at the Beekman Hotel,paprika,64,
The Bar Room at the Beekman Hotel,mint,139,
The Bar Room at the Beekman Hotel,fish sauce,102,
The Bar Room at the Beekman Hotel,cumin,74,
The Bar Room at the Beekman Hotel,corn syrup,175,
The Bar Room at the Beekman Hotel,brazil nuts,138,
The Bar Room at the Beekman Hotel,orange peels,55,
The Bar Room at the Beekman Hotel,ice cream,153,
The Bar Room at the Beekman Hotel,condensed milk,104,
The Bar Room at the Beekman Hotel,brussels sprouts,122,
The Bella Union,bean sprouts,156,
The Bella Union,brazil nuts,186,
The Bella Union,barley sugar,119,
The Bella Union,olives,187,
The Bella Union,amaretto,136,
The Bella Union,raisins,181,
The Bella Union,borscht,163,
The Bella Union,mackerel,62,
The Bella Union,cider vinegar,141,
The Bella Union,cocoa powder,180,
The Bella Union,cucumbers,82,
The Bella Union,yogurt,185,
The Bella Union,split peas,112,
The Bella Union,huckleberries,158,
The Bella Union,snapper,145,
The Bella Union,white chocolate,174,
The Bella Union,raspberries,195,
The Bella Union,dill,88,
The Bella Union,sparkling water,150,
The Bella Union,earl gray's tea,199,
The Blank Club,pepsi,194,
The Blank Club,beans,56,
The Blank Club,rum,134,
The Blank Club,spearmint,90,
The Blank Club,white beans,72,
The Blank Club,tomato puree,121,
The Blank Club,cranberries,112,
The Blank Club,cucumbers,107,
The Blank Club,ice cream,170,
The Capital Bar & Grill,cranberry juice,94,
The Capital Bar & Grill,portabella mushrooms,122,
The Capital Bar & Grill,plum tomatoes,56,
The Capital Bar & Grill,focaccia,55,
The Capital Bar & Grill,almond butter,171,
The Capital Bar & Grill,potatoes,59,
The Carousel Bar & Lounge,vermouth,143,
The Carousel Bar & Lounge,allspice,150,
The Carousel Bar & Lounge,cod,170,
The Carousel Bar & Lounge,chicken,59,
The Carousel Bar & Lounge,marmalade,141,
The Carousel Bar & Lounge,mint milkshake,118,
The Carousel Bar & Lounge,coriander,161,
The Carousel Bar & Lounge,won ton skins,144,
The Carousel Bar & Lounge,pineapples,150,
The Carousel Bar & Lounge,rosemary,73,
The Carousel Bar & Lounge,mustard,198,
The Carousel Bar & Lounge,sausages,60,
The Carousel Bar & Lounge,dates,181,
The Carousel Bar & Lounge,celery seeds,94,
The Carousel Bar & Lounge,onion powder,197,
The Carousel Bar & Lounge,chocolate milkshake,68,
The Carousel Bar & Lounge,aioli,91,
The Carousel Bar & Lounge,chutney,74,
The Carousel Bar & Lounge,Cappuccino Latte,125,
The Carousel Bar & Lounge,flax seed,78,
The Carousel Bar & Lounge,fish sauce,186,
The Carousel Bar & Lounge,pumpkin seeds,128,
The Carousel Bar & Lounge,apricots,172,
The Carousel Bar & Lounge,snapper,187,
The Carousel Bar & Lounge,kiwi,91,
The Carousel Bar & Lounge,rhubarb,153,
The Carousel Bar & Lounge,zinfandel wine,161,
The Carousel Bar & Lounge,maraschino cherries,148,
The Carousel Bar & Lounge,chipotle peppers,165,
The Carousel Bar & Lounge,prosciutto,94,
The Carousel Bar & Lounge,corned beef,175,
The Carousel Bar & Lounge,curry powder,199,
The Carousel Bar & Lounge,artificial sweetener,69,
The Carousel Bar & Lounge,beets,102,
The Carousel Bar & Lounge,sushi,96,
The Carousel Bar & Lounge,coconut water,132,
The Carousel Bar & Lounge,/usr/local/bin/python3.6 "/Users/forrest/Documents/School/03-01/Prin Info/Project 2/Population/Combine4.py",135,
The Carousel Bar & Lounge,corn flour,183,
The Dead Rabbit,prunes,136,
The Dead Rabbit,bean sprouts,75,
The Dead Rabbit,pears,192,
The Dead Rabbit,bean sauce,168,
The Dead Rabbit,pineapples,128,
The Dead Rabbit,flounder,141,
The Dead Rabbit,tomato paste,158,
The Dead Rabbit,cremini mushrooms,64,
The Dead Rabbit,orange milkshake,164,
The Dead Rabbit,steak,162,
The Dead Rabbit,English muffins,133,
The Dead Rabbit,tartar sauce,194,
The Dead Rabbit,sage,165,
The Dead Rabbit,guavas,120,
The Dead Rabbit,lemons,122,
The Dead Rabbit,okra,111,
The Dead Rabbit,panko bread crumbs,77,
The Dead Rabbit,Kahlua,188,
The Dead Rabbit,venison,174,
The Dead Rabbit,berries,156,
The Dead Rabbit,cream,81,
The Dead Rabbit,sherry,192,
The Dead Rabbit,horseradish,143,
The Dead Rabbit,bruschetta,160,
The Dead Rabbit,french fries,122,
The Dead Rabbit,spinach,124,
The Dead Rabbit,mint milkshake,180,
The Dead Rabbit,bouillon,137,
The Dead Rabbit,Irish cream liqueur,115,
The Dead Rabbit,black beans,170,
The Dead Rabbit,snow peas,147,
The Dead Rabbit,pasta,148,
The Dead Rabbit,couscous,133,
The Dead Rabbit,flax seed,167,
The Dead Rabbit,green tea,131,
The Dead Rabbit,ricotta cheese,69,
The Dead Rabbit,colby cheese,177,
The Dead Rabbit,pink beans,170,
The Dead Rabbit,hoisin sauce,144,
The Dubliner,raspberries,157,
The Dubliner,mint,64,
The Dubliner,coconut oil,86,
The Dubliner,basil,159,
The Dubliner,dumpling,72,
The Dubliner,breadfruit,151,
The Dubliner,Mandarin oranges,153,
The Dubliner,cottage cheese,120,
The Dubliner,ancho chile peppers,178,
The Dubliner,coriander,76,
The Dubliner,eggs,140,
The Dubliner,scallops,78,
The Dubliner,gorgonzola,59,
The Dubliner,colby cheese,114,
The Dubliner,baguette,149,
The Dubliner,plantains,154,
The Dubliner,berries,135,
The Dubliner,curry powder,63,
The Dubliner,watermelons,82,
The Dubliner,monkfish,58,
The Dubliner,croutons,117,
The Dubliner,English muffins,146,
The Dubliner,rice vinegar,134,
The Dubliner,bard,160,
The Dubliner,tomatoes,162,
The Dubliner,ketchup,175,
The Dubliner,pineapple-mango sherbert punch,52,
The Dubliner,flax seed,66,
The Dubliner,peanut butter,134,
The Dubliner,canola oil,138,
The Dubliner,snapper,149,
The Dubliner,blue cheese,184,
The Dubliner,barley,97,
The Dubliner,Romano cheese,161,
The Dubliner,potato chips,127,
The Dubliner,soybeans,174,
The Dubliner,white beans,99,
The Dubliner,date sugar,96,
The Dubliner,strawberry milkshake,76,
The Dubliner,sauerkraut,82,
The Dubliner,leeks,155,
The Dubliner,sage,177,
The Dubliner,fish sauce,111,
The Dubliner,vanilla bean,83,
The Dubliner,cherries,106,
The Dubliner,jasmine tea,55,
The Dubliner,chocolate,66,
The Dubliner,wine,102,
The Dubliner,celery seeds,188,
The Griswold Inn Tap Room,applesauce,72,
The Griswold Inn Tap Room,onions,85,
The Griswold Inn Tap Room,cocoa powder,59,
The Griswold Inn Tap Room,mint,59,
The Griswold Inn Tap Room,curry leaves,54,
The Griswold Inn Tap Room,cornstarch,63,
The Griswold Inn Tap Room,fennel seeds,141,
The Griswold Inn Tap Room,herring,120,
The Griswold Inn Tap Room,ginger,180,
The Griswold Inn Tap Room,bass,177,
The Griswold Inn Tap Room,olive oil,78,
The Griswold Inn Tap Room,sugar,76,
The Griswold Inn Tap Room,duck,62,
The Hawthorne,pumpkins,111,
The Hawthorne,bean threads,175,
The Hawthorne,venison,70,
The Hawthorne,cocoa powder,182,
The Hawthorne,kale,187,
The Hawthorne,thyme,66,
The Hawthorne,rose water,187,
The Hawthorne,rhubarb,91,
The Hawthorne,sausages,160,
The Hawthorne,cherries,89,
The Hawthorne,corn syrup,72,
The Hawthorne,rum,91,
The Hawthorne,barley sugar,55,
The Hawthorne,raspberries,128,
The Hawthorne,ketchup,115,
The Hawthorne,chickpeas,55,
The Hawthorne,lamb,71,
The Hawthorne,almonds,170,
The Hawthorne,chicory,99,
The Hawthorne,dried leeks,153,
The Hawthorne,panko bread crumbs,78,
The Hawthorne,lima beans,175,
The Hawthorne,aioli,189,
The Hawthorne,artichokes,65,
The Hawthorne,dill,67,
The Hawthorne,molasses,135,
The Hawthorne,tea,147,
The Hawthorne,macaroni,154,
The Hawthorne,focaccia,54,
The Hawthorne,red cabbage,75,
The Hawthorne,bay leaves,107,
The Hawthorne,apple pie spice,109,
The Hawthorne,hazelnuts,94,
The Hawthorne,granola,89,
The Hawthorne,duck,173,
The Hawthorne,apples,61,
The Hawthorne,wasabi,147,
The Hawthorne,olive oil,155,
The Hawthorne,zest,99,
The Hawthorne,Kahlua,190,
The Hawthorne,sesame seeds,73,
The Hawthorne,crabs,105,
The Hawthorne,bouillon,164,
The Hawthorne,papayas,52,
The Hawthorne,anchovies,171,
The Hawthorne,garlic powder,133,
The Hawthorne,coconut water,131,
The Hawthorne,Canadian bacon,130,
The Hawthorne,coriander,83,
The Kill Devil Club,quail,128,
The Kill Devil Club,mussels,180,
The Kill Devil Club,balsamic vinegar,78,
The Kill Devil Club,pears,111,
The Kill Devil Club,watermelons,92,
The Kill Devil Club,okra,117,
The Kill Devil Club,bard,174,
The Kill Devil Club,zinfandel wine,144,
The Kill Devil Club,grapefruits,69,
The Kill Devil Club,fennel,81,
The Kill Devil Club,pico de gallo,115,
The Kill Devil Club,tartar sauce,134,
The Kill Devil Club,split peas,179,
The Magdalenae Room,raisins,161,
The Magdalenae Room,maraschino cherries,117,
The Magdalenae Room,Marsala,161,
The Magdalenae Room,olive oil,106,
The Magdalenae Room,shitakes,183,
The Magdalenae Room,spinach,169,
The Magdalenae Room,wasabi,87,
The Magdalenae Room,moo shu wrappers,133,
The Magdalenae Room,colby cheese,60,
The Magdalenae Room,chocolate,156,
The Magdalenae Room,cherries,170,
The Magdalenae Room,mackerel,107,
The Magdalenae Room,red chile powder,183,
The Magdalenae Room,molasses,50,
The Magdalenae Room,mustard seeds,114,
The Magdalenae Room,beer,136,
The Magdalenae Room,brussels sprouts,199,
The Magdalenae Room,snow peas,136,
The Magdalenae Room,honey,147,
The Magdalenae Room,chestnuts,139,
The Magdalenae Room,flax seed,120,
The Magdalenae Room,kiwi,79,
The Magdalenae Room,raw sugar,197,
The Magdalenae Room,haddock,67,
The Magdalenae Room,chaurice sausage,50,
The Magdalenae Room,eel,153,
The Magdalenae Room,gorgonzola,73,
The Magdalenae Room,aquavit,147,
The Magdalenae Room,tortillas,169,
The Magdalenae Room,baking soda,61,
The Magdalenae Room,oatmeal,92,
The Magdalenae Room,cumin,107,
The Magdalenae Room,cider,158,
The Magdalenae Room,sunflower seeds,71,
The Magdalenae Room,jack cheese,89,
The Magdalenae Room,green onions,58,
The Magdalenae Room,grapes,134,
The Office,acorn squash,107,
The Office,orange juice,56,
The Office,English muffins,117,
The Office,red pepper flakes,62,
The Office,feta cheese,98,
The Office,habanero chilies,74,
The Office,blue cheese,186,
The Office,mint milkshake,168,
The Office,gelatin,194,
The Office,bacon,58,
The Office,creme fraiche,196,
The Office,skim milk,186,
The Office,celery,124,
The Office,hoisin sauce,186,
The Office,chocolate milkshake,112,
The Office,lemons,91,
The Office,bagels,73,
The Office,hamburger,133,
The Office,salmon,86,
The Office,coconut water,107,
The Office,adobo,173,
The Office,lemon juice,192,
The Office,bass,107,
The Office,allspice,191,
The Office,potato chips,138,
The Office,lemon grass,140,
The Office,red snapper,132,
The Office,sausages,125,
The Office,almond paste,149,
The Office,scallops,79,
The Office,wine vinegar,190,
The Office,pesto,70,
The Office,pheasants,107,
The Office,cloves,124,
The Office,pinto beans,85,
The Office,mozzarella,84,
The Office,cauliflower,51,
The Office,grits,182,
The Office,octopus,51,
The Office,artichokes,55,
The Office,guavas,167,
The Office,peanuts,77,
The Office,cashew nut,149,
The Old Seelbach Bar,coconut oil,85,
The Old Seelbach Bar,wasabi,123,
The Old Seelbach Bar,jack cheese,86,
The Old Seelbach Bar,applesauce,123,
The Old Seelbach Bar,chicken liver,160,
The Old Seelbach Bar,almonds,153,
The Old Seelbach Bar,rice,164,
The Old Seelbach Bar,scallops,178,
The Old Seelbach Bar,curry paste,91,
The Old Seelbach Bar,red pepper flakes,192,
The Old Seelbach Bar,navy beans,90,
The Old Seelbach Bar,olive oil,166,
The Old Seelbach Bar,chard,166,
The Old Seelbach Bar,kale,143,
The Old Seelbach Bar,skim milk,71,
The Old Seelbach Bar,tarragon,65,
The Old Seelbach Bar,chestnuts,115,
The Old Seelbach Bar,mussels,181,
The Old Seelbach Bar,flounder,183,
The Old Seelbach Bar,honeydew melons,165,
The Old Seelbach Bar,chile peppers,87,
The Old Seelbach Bar,andouille sausage,53,
The Old Seelbach Bar,bananas,200,
The Old Seelbach Bar,Irish cream liqueur,197,
The Old Seelbach Bar,mustard seeds,166,
The Old Seelbach Bar,sauerkraut,189,
The Old Seelbach Bar,almond butter,87,
The Old Seelbach Bar,potatoes,116,
The Old Seelbach Bar,pineapples,125,
The Old Seelbach Bar,eel,139,
The Old Seelbach Bar,cinnamon,168,
The Old Seelbach Bar,green onions,187,
The Old Seelbach Bar,clams,52,
The Old Seelbach Bar,cantaloupes,97,
The Old Seelbach Bar,cookies,173,
The Old Seelbach Bar,pomegranates,197,
The Old Seelbach Bar,green beans,74,
The Old Seelbach Bar,romaine lettuce,105,
The Old Seelbach Bar,hot sauce,133,
The Old Seelbach Bar,coriander,176,
The Old Seelbach Bar,cocoa powder,160,
The Old Seelbach Bar,prunes,155,
The Old Seelbach Bar,corn syrup,102,
The Old Seelbach Bar,tonic water,93,
The Old Seelbach Bar,artificial sweetener,66,
The Old Seelbach Bar,mayonnaise,151,
The Old Seelbach Bar,chocolate,139,
The Polo Lounge,orange juice,102,
The Polo Lounge,unsweetened chocolate,130,
The Polo Lounge,berries,141,
The Polo Lounge,tarragon,75,
The Polo Lounge,caviar,157,
The Polo Lounge,creme fraiche,96,
The Polo Lounge,pink beans,67,
The Polo Lounge,Mandarin oranges,151,
The Polo Lounge,chaurice sausage,167,
The Polo Lounge,venison,98,
The Polo Lounge,coconuts,66,
The Polo Lounge,provolone,194,
The Polo Lounge,salt,175,
The Polo Lounge,custard,105,
The Polo Lounge,red pepper flakes,196,
The Polo Lounge,pico de gallo,158,
The Polo Lounge,sazon,116,
The Polo Lounge,rabbits,138,
The Polo Lounge,black olives,57,
The Polo Lounge,mustard,64,
The Polo Lounge,lemon Peel,115,
The Silver Dollar,peaches,83,
The Silver Dollar,hot chocolate,122,
The Silver Dollar,kombucha,109,
The Silver Dollar,Irish cream liqueur,174,
The Silver Dollar,Havarti cheese,61,
The Silver Dollar,corned beef,52,
The Silver Dollar,croutons,67,
The Silver Dollar,bean threads,146,
The Silver Dollar,cremini mushrooms,62,
The Silver Dollar,broccoli,77,
The Silver Dollar,rose water,68,
The Silver Dollar,sour cream,172,
The Silver Dollar,crabs,103,
The Silver Dollar,tomato sauce,86,
The Silver Dollar,chestnuts,187,
The Silver Dollar,maraschino cherries,102,
The Silver Dollar,dates,185,
The Silver Dollar,curry paste,174,
The Silver Dollar,green beans,138,
The Silver Dollar,lemon grass,164,
The Silver Dollar,bean sauce,50,
The Silver Dollar,unsweetened chocolate,138,
The Silver Dollar,asiago cheese,161,
The Silver Dollar,haddock,65,
The Silver Dollar,tomato paste,121,
The Sound Table,zest,51,
The Sound Table,dates,122,
The Sound Table,pancetta,71,
The Sound Table,Havarti cheese,72,
The Sound Table,jasmine tea,158,
The Sound Table,lima beans,188,
The Sound Table,dill,172,
The Sound Table,cranberry juice,87,
The Sound Table,snap peas,93,
The Sound Table,Goji berry,136,
The Sound Table,lamb,184,
The Sound Table,lettuce,86,
The Sound Table,canola oil,161,
The Sound Table,barbecue sauce,135,
The Sound Table,squid,56,
The Sound Table,baking soda,134,
The Sound Table,coca cola,77,
The Sound Table,oregano,110,
The Sound Table,bagels,183,
The Sound Table,spearmint,176,
The Sound Table,bruschetta,194,
The Sound Table,turkeys,88,
The Sound Table,eel,80,
The Sound Table,apple butter,97,
The Sound Table,Canadian bacon,107,
The Sound Table,spaghetti squash,155,
The Sound Table,ginger,177,
The Sound Table,cherries,131,
The Sound Table,flour,159,
The Sound Table,lobsters,151,
The Sound Table,strawberry milkshake,149,
The Sound Table,apple pie spice,87,
The Sound Table,Kahlua,175,
The Sound Table,brown rice,136,
The Sound Table,chai,121,
The Sound Table,sauerkraut,194,
The Sound Table,tomato paste,121,
The Sound Table,mint,83,
The Sound Table,broccoli raab,95,
The Sound Table,prosciutto,125,
The Sound Table,pesto,82,
The Sound Table,shallots,111,
The Sound Table,oranges,58,
The Sound Table,green onions,126,
The Upstairs Bar at City Grocery,remoulade,101,
The Upstairs Bar at City Grocery,dumpling,122,
The Upstairs Bar at City Grocery,quail,55,
The Upstairs Bar at City Grocery,bruschetta,90,
The Upstairs Bar at City Grocery,honey,197,
The Upstairs Bar at City Grocery,cottage cheese,187,
The Upstairs Bar at City Grocery,jicama,93,
The Upstairs Bar at City Grocery,papayas,158,
The Upstairs Bar at City Grocery,baking powder,66,
The Upstairs Bar at City Grocery,pasta,192,
The Upstairs Bar at City Grocery,heavy cream,177,
The Upstairs Bar at City Grocery,blueberries,175,
The Upstairs Bar at City Grocery,orange juice,100,
The Upstairs Bar at City Grocery,ancho chile peppers,68,
The Upstairs Bar at City Grocery,brandy,192,
The Upstairs Bar at City Grocery,ricotta cheese,154,
The Upstairs Bar at City Grocery,white beans,131,
The Velvet Tango Room,canola oil,186,
The Velvet Tango Room,five-spice powder,186,
The Velvet Tango Room,mayonnaise,136,
The Velvet Tango Room,salmon,66,
The Velvet Tango Room,chocolate,179,
The Velvet Tango Room,brunoise,76,
The Velvet Tango Room,tonic water,89,
The Velvet Tango Room,apricots,102,
The Velvet Tango Room,breadfruit,66,
The Velvet Tango Room,English muffins,91,
The Velvet Tango Room,asiago cheese,119,
The Velvet Tango Room,garlic powder,96,
The Velvet Tango Room,jicama,150,
The Velvet Tango Room,water,149,
The Velvet Tango Room,succotash,133,
The Velvet Tango Room,poultry seasoning,155,
The Velvet Tango Room,vanilla milkshake,143,
The Velvet Tango Room,marshmallows,94,
The Velvet Tango Room,provolone,190,
The Velvet Tango Room,rum,200,
The Velvet Tango Room,coconut water,80,
The Velvet Tango Room,chicken liver,197,
The Velvet Tango Room,truffles,92,
The Velvet Tango Room,pico de gallo,151,
The Velvet Tango Room,coconuts,128,
The Velvet Tango Room,chambord,77,
The Velvet Tango Room,rosemary,71,
The Velvet Tango Room,remoulade,99,
The Velvet Tango Room,soymilk,64,
The Velvet Tango Room,crabs,122,
The Velvet Tango Room,sazon,121,
The Velvet Tango Room,chipotle peppers,83,
The Velvet Tango Room,tortillas,109,
The Velvet Tango Room,cornmeal,181,
The Velvet Tango Room,mint,180,
The Velvet Tango Room,figs,80,
The Velvet Tango Room,bean sprouts,180,
The Velvet Tango Room,Cappuccino Latte,175,
The Velvet Tango Room,vanilla bean,155,
The Velvet Tango Room,parsley,130,
The Velvet Tango Room,tofu,66,
The Velvet Tango Room,brazil nuts,118,
The Velvet Tango Room,tomato sauce,132,
The Velvet Tango Room,cactus,56,
The Velvet Tango Room,buckwheat,127,
The Velvet Tango Room,brown sugar,168,
The Velvet Tango Room,bass,125,
The Violet Hour,molasses,115,
The Violet Hour,feta cheese,102,
The Violet Hour,eggs,101,
The Violet Hour,salmon,109,
The Violet Hour,couscous,177,
The Violet Hour,marmalade,60,
The Wayland,feta cheese,136,
The Wayland,sardines,156,
The Wayland,plantains,96,
The Wayland,cider vinegar,125,
The Wayland,chile peppers,143,
The Wayland,cocoa powder,158,
The Wayland,Goji berry,60,
The Wayland,plums,114,
The Wayland,lamb,113,
The Wayland,berries,164,
The Wayland,bacon,61,
The Wayland,jack cheese,168,
The Wayland,bouillon,104,
The Wayland,snap peas,134,
The Wayland,spaghetti squash,127,
The Wayland,navy beans,134,
The Wayland,cream cheese,68,
The Wayland,angelica,53,
The Wayland,chestnuts,105,
The Wayland,clams,129,
The Wayland,chaurice sausage,100,
The Wayland,five-spice powder,165,
The Wayland,yogurt,115,
The Wayland,jasmine tea,158,
The Wayland,parsnips,197,
The Wayland,chili powder,51,
The Wayland,sparkling water,81,
The Wayland,radishes,118,
The Wayland,squid,122,
The Whining Pig,wine,183,
The Whining Pig,artichokes,140,
The Whining Pig,olive oil,52,
The Whining Pig,broth,105,
The Whining Pig,jasmine tea,145,
The Whining Pig,beans,106,
The Whining Pig,watermelons,137,
The Whining Pig,orange juice,190,
The Whining Pig,ale,70,
The Whining Pig,Romano cheese,178,
The Whining Pig,tomato sauce,184,
The Whining Pig,sesame seeds,155,
The Whining Pig,lemons,137,
The Whining Pig,jicama,55,
The Whining Pig,skim milk,198,
The Whining Pig,cloves,117,
The Whining Pig,sherry,156,
The Whining Pig,turtle,141,
The Whining Pig,almond extract,141,
The Whining Pig,maraschino cherries,74,
The Whining Pig,split peas,172,
Tiki-Ti ,hoisin sauce,174,
Tiki-Ti ,wine vinegar,63,
Tiki-Ti ,soy sauce,88,
Tiki-Ti ,Parmesan cheese,139,
Tiki-Ti ,unsweetened chocolate,50,
Tiki-Ti ,lemon grass,50,
Vesper Bar,Canadian bacon,139,
Vesper Bar,olives,52,
Vesper Bar,mackerel,174,
Vesper Bar,olive oil,169,
Vesper Bar,veal,117,
Vesper Bar,asparagus,146,
Vesper Bar,pears,85,
Vesper Bar,kumquats,192,
Vesper Bar,barley,91,
Vesper Bar,almond extract,85,
Vesper Bar,baking soda,198,
Vesper Bar,apple butter,104,
Vesper Bar,balsamic vinegar,76,
Vesper Bar,unsweetened chocolate,62,
Vesper Bar,almond milk,182,
Vesper Bar,rhubarb,102,
Vesper Bar,aquavit,110,
Vesper Bar,spearmint,55,
Vesper Bar,cherries,62,
Vesper Bar,fennel,167,
Vesper Bar,applesauce,183,
Vesper Bar,coconuts,145,
Vesper Bar,squash,190,
Vesper Bar,honeydew melons,185,
Vesper Bar,fish sauce,164,
Vesper Bar,mayonnaise,93,
Vesper Bar,marshmallows,82,
Vesper Bar,bean sprouts,113,
Vesper Bar,chili sauce,198,
Vesper Bar,mozzarella,105,
Vesper Bar,curry powder,144,
Vesper Bar,gorgonzola,155,
Vesper Bar,monkfish,171,
Vesper Bar,vermouth,151,
Voodoo,brunoise,108,
Voodoo,coconut water,121,
Voodoo,baking soda,199,
Voodoo,bok choy,132,
Voodoo,unsweetened chocolate,96,
Voodoo,English muffins,137,
Voodoo,mint,153,
Voodoo,brussels sprouts,83,
Voodoo,zinfandel wine,73,
Voodoo,powdered sugar,110,
Voodoo,red cabbage,165,
Voodoo,shitakes,149,
Voodoo,hamburger,66,
Voodoo,green beans,161,
Voodoo,aioli,102,
Voodoo,cilantro,54,
Voodoo,fanta,52,
Voodoo,coca cola,179,
Voodoo,yogurt,126,
Voodoo,rice,117,
Voodoo,flounder,164,
Voodoo,custard,56,
Voodoo,celery,156,
Voodoo,bruschetta,83,
Voodoo,pine nuts,163,
Voodoo,melons,101,
Voodoo,ham,134,
Voodoo,shallots,161,
Voodoo,lemon Peel,73,
Voodoo,bouillon,163,
Voodoo,barley sugar,108,
Voodoo,clams,97,
Voodoo,andouille sausage,55,
Voodoo,pistachios,109,
Voodoo,oranges,86,
Weather Up,duck,50,
Weather Up,red pepper flakes,61,
Weather Up,coffee,117,
Weather Up,jelly beans,88,
Weather Up,tomatoes,71,
Weather Up,cannellini beans,84,
Weather Up,bass,92,
Weather Up,sweet potatoes,79,
Weather Up,tomato juice,167,
Weather Up,vanilla bean,102,
Weather Up,turkeys,173,
Weather Up,mozzarella,85,
Weather Up,veal,88,
Weather Up,cheddar cheese,170,
Weather Up,cottage cheese,65,
Weather Up,Cappuccino Latte,111,
Weather Up,plum tomatoes,58,
Weather Up,maraschino cherries,157,
Weather Up,potatoes,144,
Weather Up,hamburger,127,
Weather Up,portabella mushrooms,100,
Weather Up,blue cheese,121,
Weather Up,cloves,170,
Weather Up,celery seeds,129,
Weather Up,brunoise,192,
Weather Up,bruschetta,64,
Weather Up,lamb,113,
Weather Up,shrimp,100,
Weather Up,breadfruit,114,
Weather Up,oatmeal,132,
Weather Up,chipotle peppers,186,
Weather Up,unsweetened chocolate,145,
Weather Up,dill,79,
Weather Up,chicory,165,
Weather Up,barley sugar,51,
Weather Up,walnuts,175,
Weather Up,tortillas,145,
Weather Up,colby cheese,84,
Weather Up,eel,123,
Weather Up,halibut,154,
Weather Up,eggs,175,
Weather Up,cumin,68,
Weather Up,peanuts,88,
Weather Up,macaroni,52,
